lr,la,T*,P*,rhov*,rhol*
7.0,6.0,0.7499737266000001,1.5596302463999955e-06,0.00010986,0.9152207476666664
7.0,6.0,0.7699636621,9.120132338400004e-05,0.0001313057142857,0.9095928703333336
7.0,6.0,0.8999202064999999,0.0007467422789594,0.0008596867391161,0.8736967449999998
7.0,6.0,0.9199891285,0.0008582433750669,0.0010148730412147,0.8679225806451613
7.0,6.0,1.050032274,0.002938907745021,0.0030646869696969,0.8312140130000001
7.0,6.0,1.070006734,0.0036108252894293,0.0036349847058823,0.8253033735483871
7.0,6.0,1.1999308809999998,0.009062762431413,0.00801777185625,0.787413016875
7.0,6.0,1.220095538,0.0102570391614744,0.0089916014852941,0.7811287299999999
7.0,6.0,1.3499510259999998,0.0209534574980319,0.01758349328125,0.7404430672727271
7.0,6.0,1.380085212,0.023990138556488,0.01987311421875,0.7305691733333333
7.0,6.0,1.509856762,0.042876341144834,0.034332826125,0.6856563714705883
7.0,6.0,1.5300800208659364,0.0459776865980699,0.0369811533106961,0.6791685166666667
7.0,6.0,1.659986939,0.07377256647,0.0592148577777777,0.6271515974999999
7.0,6.0,1.6800173339999998,0.079480848991,0.064068623347826,0.6195710580769231
7.0,6.0,1.810079463,0.11825893059,0.1011974265,0.5558621425
7.0,6.0,1.830046922,0.12541194446,0.1085113363888889,0.5449767229166667
7.0,6.0,1.959992572,0.1773731092,0.1846816425,0.4412875733333333
8.0,6.0,0.7199717422412675,0.0001715010558849,0.0003312987218772,0.8868622884691066
8.0,6.0,0.7400047865999999,0.0001611897813449,0.000381952350497,0.8806857970967741
8.0,6.0,0.8399785734000002,0.0009230984474138,0.0012299201475205,0.8494281623333333
8.0,6.0,0.8599491152000001,0.0012859464629239,0.0014170586443823,0.8432686819999999
8.0,6.0,0.9699858243,0.003851962497769,0.0041324945511764,0.808159060625
8.0,6.0,0.9800496195,0.0041737186143155,0.0044261691058823,0.8045926171875
8.0,6.0,1.0899499059999995,0.0095235796617996,0.009367149730303,0.7677928363636363
8.0,6.0,1.109960694,0.011119601608254,0.0109891956212121,0.7614230393939394
8.0,6.0,1.210037967,0.0203601272804341,0.0190076385212121,0.7250671985294117
8.0,6.0,1.230096544,0.022395080391663,0.0209286843304347,0.7180734580000002
8.0,6.0,1.330040105,0.03761277137302,0.0344631789599999,0.6790658928125001
8.0,6.0,1.349978931,0.04117390818827,0.037405712,0.6704258116129033
8.0,6.0,1.449982538,0.063045520052,0.058137606,0.6252798879310345
8.0,6.0,1.470014095,0.0677386152099999,0.0614551534615384,0.616165174074074
8.0,6.0,1.5699310350000002,0.0971848355899999,0.0933772162727272,0.5606159996153847
8.0,6.0,1.590035854,0.10453329123,0.1046627544117647,0.5474406390909091
8.0,6.0,1.6999793299999997,0.1478786313,0.1659942992307692,0.4487985366666667
9.0,6.0,0.6999753345999999,0.000324557237196,0.0005159641528058,0.8702051556666668
9.0,6.0,0.7200281417000001,0.000386450432088,0.0006049151272176,0.8632545883333335
9.0,6.0,0.8099973607000001,0.0013745727317729,0.001870715,0.8325425309090908
9.0,6.0,0.8199898511590545,0.0016963522321138,0.0021752748478701,0.8292212977382278
9.0,6.0,0.9099805933,0.004497645165375,0.0050794880078787,0.7971984358823531
9.0,6.0,0.929996965,0.005171992734507,0.0060001373687878,0.7898185239393939
9.0,6.0,1.0100119479999998,0.009954862194042,0.0106910136666666,0.7598954848484849
9.0,6.0,1.03002487,0.011392979616718,0.0122066465625,0.7518251351515151
9.0,6.0,1.110019161,0.019605720282382,0.0201488767757575,0.7205325638235295
9.0,6.0,1.130033699,0.021816567869845,0.0223162712068965,0.7117670670588235
9.0,6.0,1.219948401,0.03617493272796,0.0362682056249999,0.6718641600000002
9.0,6.0,1.229939483,0.037997321434769,0.0384285364285714,0.666715730625
9.0,6.0,1.319989256,0.0578390814979999,0.0589093723461538,0.6217664227586208
9.0,6.0,1.339962963,0.06354627175,0.0649960130625,0.6105551159375
9.0,6.0,1.42016987,0.08817491537,0.0942786897619047,0.5605778031034483
9.0,6.0,1.440017335,0.09468731837,0.103751104,0.5455177880000001
9.0,6.0,1.529944643,0.13192478171,0.1710765574999999,0.4565324533333333
10.0,6.0,0.6900162696000001,0.0004635921874479,0.0008492100012588,0.8587864976666667
10.0,6.0,0.7099498410999999,0.0007046534420731,0.001182725570697,0.8515616120000001
10.0,6.0,0.7799892213999999,0.0019016136811589,0.002492368,0.8251152597058823
10.0,6.0,0.8000312552000001,0.002303126977744,0.0030795019699117,0.8177715471875
10.0,6.0,0.8700219742000002,0.0051351671521819,0.0062173274151428,0.7903225318181818
10.0,6.0,0.8899579306,0.005960215396518,0.0071488364333333,0.7819876187878787
10.0,6.0,0.9600413243,0.0107131697728944,0.0122712139062499,0.7529169724242425
10.0,6.0,0.9799442001,0.012632116552075,0.0142685846874999,0.7445700160606061
10.0,6.0,1.050036076,0.020490215723397,0.0226802735333333,0.7134100852941176
10.0,6.0,1.0700109380000002,0.0232816091572109,0.02520984065625,0.7040019908823529
10.0,6.0,1.140041717,0.03539951285288,0.03778999,0.6696932922580643
10.0,6.0,1.150070603,0.0373084457956347,0.0404141343749999,0.664635570967742
10.0,6.0,1.229891691,0.0562948356079999,0.0624241432777777,0.6175177440800002
10.0,6.0,1.2399953410000002,0.058481313445,0.06502647668,0.6132611392857142
10.0,6.0,1.319940396,0.08408711126,0.0993438669999999,0.5571917271428571
10.0,6.0,1.330000274,0.0878142473,0.1053346211538461,0.5504732825925925
10.0,6.0,1.409952016,0.12056954888,0.1742782363157894,0.4506826385714286
11.0,6.0,0.6800142926,0.000677962062503,0.0011846002322888,0.8523914878787879
11.0,6.0,0.700029451,0.00101236916649,0.0015909970588235,0.8444132041935485
11.0,6.0,0.7600184138999999,0.002354856959218,0.0032424791202857,0.8199382458333333
11.0,6.0,0.7800092920999999,0.0028561969456051,0.0041013647341176,0.811980678125
11.0,6.0,0.8399841467999999,0.0056139787958609,0.0071437642933333,0.786120483125
11.0,6.0,0.8599549634000001,0.006784807996634,0.0083764505969696,0.7773733499999999
11.0,6.0,0.9200620439,0.0115478660571279,0.0139944718333333,0.7503447406060606
11.0,6.0,0.9400338437,0.013515459904143,0.0161796590933333,0.7412775267647058
11.0,6.0,1.0000064585,0.0208218771682219,0.02443606440625,0.7123778526470589
11.0,6.0,1.009995632,0.0223344432768229,0.0258304398846153,0.7072094499999999
11.0,6.0,1.080005758,0.034660738278733,0.0397979012903225,0.669424830967742
11.0,6.0,1.090001302,0.036622251960357,0.0417461579999999,0.6635521950000001
11.0,6.0,1.1700228580000005,0.057315236545,0.0677262863181818,0.6136537507407408
11.0,6.0,1.240009059,0.07966065785,0.1018439384090908,0.5588112434482759
11.0,6.0,1.250032196,0.0830089975399999,0.1039263616666666,0.5504742217857143
11.0,6.0,1.320005921,0.11311469307,0.1686740923809523,0.463782915
12.0,6.0,0.6700317280000001,0.0009417262223209,0.0016141281081081,0.8493817102702703
12.0,6.0,0.6899985055,0.00130310513113,0.0021688655882352,0.8409865032258065
12.0,6.0,0.6900041349,0.001282667875584,0.0020943719999999,0.8407210679411765
12.0,6.0,0.7399790766000001,0.002655482225817,0.0039071975079411,0.81907123875
12.0,6.0,0.7599929344999999,0.0033062995011581,0.0047461840441176,0.8103217047222222
12.0,6.0,0.7600555278,0.003323083532953,0.0046592299920588,0.81012012875
12.0,6.0,0.8200681964,0.0064775762092249,0.0086847390787878,0.7825052039393938
12.0,6.0,0.8299851197,0.007062671858774,0.0091917733766666,0.7782441286111113
12.0,6.0,0.8300767237,0.0071454362109079,0.009352749660606,0.7781567112121213
12.0,6.0,0.8899967204,0.012418592382391,0.0151750877777777,0.748720002
12.0,6.0,0.8999686036731435,0.0132447610899121,0.0168423822768222,0.7439633982511924
12.0,6.0,0.9000162263,0.013463401884,0.0164836418181818,0.7439335026470589
12.0,6.0,0.9600857115296278,0.0209477555419843,0.0255460752380952,0.7116755775729648
12.0,6.0,0.9800081891,0.0244704335891241,0.0294432939375,0.7008962082352941
12.0,6.0,0.9800288829,0.024306281031186,0.0298691509999999,0.701511965
12.0,6.0,1.0300048299999998,0.033567133203511,0.0396147755555555,0.6719053316129032
12.0,6.0,1.05001861,0.0380358379417899,0.0465783959999999,0.6595861393548388
12.0,6.0,1.050042761,0.03810205923488,0.046319038125,0.659548242857143
12.0,6.0,1.100003941,0.0503861254297,0.0624044794444444,0.625828513125
12.0,6.0,1.119844644,0.056724454039,0.07155165888,0.6108600854838708
12.0,6.0,1.1199784920000002,0.05633622043,0.0714075848,0.6110863832352942
12.0,6.0,1.169916875,0.07318545179,0.0956471030833333,0.5694054617857143
12.0,6.0,1.190000649,0.08125456849,0.1103365081904761,0.5516973300000001
12.0,6.0,1.250023723,0.10763829064,0.1747778785714286,0.4747008275
13.0,6.0,0.6699942578,0.0012994773918421,0.0020961480555555,0.8440762020000001
13.0,6.0,0.6799780006,0.001644321027226,0.0025711905882352,0.8396464887096775
13.0,6.0,0.7299874393,0.0030511825694549,0.0045767881864516,0.8163764843749999
13.0,6.0,0.7499810757,0.004010075111494,0.0056656331873529,0.8070292549999999
13.0,6.0,0.7999787043000001,0.006990718475148,0.0097026199393939,0.7819732451515151
13.0,6.0,0.8099925312999999,0.0077485437752889,0.0104174628030303,0.7775426615151515
13.0,6.0,0.8599869045999999,0.0123883896422569,0.01596521875,0.7512442509090909
13.0,6.0,0.8800049671999999,0.0145877696415928,0.0192436055366666,0.7401193203448275
13.0,6.0,0.9299491188,0.021713535348851,0.0269412619199999,0.7119302670370369
13.0,6.0,0.9400214563,0.023372961968138,0.0294406234242424,0.7064071558064516
13.0,6.0,0.9900312202,0.0326317751523099,0.0413971277419354,0.6743756399999998
13.0,6.0,1.0099248138,0.03719680180275,0.0475706962499999,0.6614121881249999
13.0,6.0,1.059915332,0.0508830975579999,0.0658387761,0.6252170323333334
13.0,6.0,1.069961515,0.0537242807509999,0.07021817192,0.6173544481481481
13.0,6.0,1.120017669,0.0707340639199999,0.0960428462142857,0.5745081963636366
13.0,6.0,1.139977049,0.0782253062999999,0.1124932246499999,0.5522079417391305
13.0,6.0,1.189901916,0.10005986802,0.1623052673333333,0.4800959630434783
14.0,6.0,0.6600157188,0.0015897432722817,0.0024732832352941,0.8445938696774192
14.0,6.0,0.6800148000999999,0.00205840415282,0.0032660455882352,0.8349456725806452
14.0,6.0,0.7199961334,0.0036942857312056,0.0053232557727272,0.8153729782352941
14.0,6.0,0.7399989973158686,0.0046895995752566,0.0067770393769765,0.8056115779569892
14.0,6.0,0.7800155486,0.007258025683825,0.0103711523781249,0.784148276875
14.0,6.0,0.7999929211,0.0089705443963059,0.0121906241484848,0.7736803642424244
14.0,6.0,0.8400165737999999,0.0130139947961741,0.0173049320689655,0.7517060882857143
14.0,6.0,0.8600381895,0.0153910947163159,0.0204662993515151,0.7396749217647058
14.0,6.0,0.9000383339,0.021144789589592,0.0279161535454545,0.7152863806666666
14.0,6.0,0.9199594826826828,0.0247828924778528,0.03265797303125,0.7028567720588236
14.0,6.0,0.9599105249,0.03300143119382,0.0430440518181818,0.6761191107692308
14.0,6.0,0.9799740575,0.0378190913015,0.0507680785714285,0.6622804638461539
14.0,6.0,1.019937615,0.048220716941,0.0643273129375,0.6305793145714286
14.0,6.0,1.039991658,0.054408265333,0.0749102805,0.6131805658333334
14.0,6.0,1.0800306070000003,0.06885108872,0.0995542426666666,0.5755609527272727
14.0,6.0,1.100045424,0.07666701461,0.1132817373809523,0.5524482762499999
14.0,6.0,1.140032996,0.09474454906,0.1601703965789473,0.4955763260869565
15.0,6.0,0.6599346841299741,0.0020407828791005,0.0033252965686274,0.8413655215053764
15.0,6.0,0.6800051469,0.002688511887421,0.004185199117647,0.8310249635483871
15.0,6.0,0.7099936215,0.003914238430662,0.0061230104051515,0.8152112306451613
15.0,6.0,0.7300829096,0.0051799831588031,0.0079299569764705,0.8045857296875
15.0,6.0,0.769975979,0.0080441661826094,0.0114139467166666,0.78245155
15.0,6.0,0.789973339,0.0096570346794,0.01354641640625,0.7713380533333333
15.0,6.0,0.8199989047999999,0.013066419914422,0.0180047948437499,0.7535737836363637
15.0,6.0,0.8400177675999999,0.015733954599452,0.0216992145242424,0.7416672735294118
15.0,6.0,0.8799484865999999,0.0218202363461939,0.0292325215151515,0.7158992732352941
15.0,6.0,0.9000864742,0.025725635710968,0.03465516,0.7026244138235295
15.0,6.0,0.9400195415,0.03438166189326,0.04662694125,0.6729468291428571
15.0,6.0,0.9500197151,0.03688854389094,0.0502407128571428,0.6663439328571428
15.0,6.0,1.0099784917,0.054385470492,0.0767786140833333,0.615595340357143
15.0,6.0,1.050006695,0.06826581105,0.1037190652068965,0.572959358076923
15.0,6.0,1.059970227,0.07309633142,0.1115077560434782,0.5624417762962963
15.0,6.0,1.1100486509999998,0.09583265623,0.1794572994736842,0.4784436758333333
15.0,6.0,1.119961511,0.10160815501,0.2050266764285714,0.4640179194444445
16.0,6.0,0.6500427281,0.0020591714585039,0.0035650917647058,0.8439930732258064
16.0,6.0,0.6699744657,0.003064127939378,0.0048235599999999,0.8330592741935484
16.0,6.0,0.6999952207,0.004436374971091,0.0066830643147058,0.81653206875
16.0,6.0,0.7200369369000001,0.0056180900385147,0.0086336130764705,0.8051817228125
16.0,6.0,0.7600425850866674,0.008599627452334,0.0127502717948717,0.7821968548118547
16.0,6.0,0.7699942004,0.0094647394491489,0.0137747394060606,0.7760946033333332
16.0,6.0,0.8099854295,0.0141910916446,0.0194525946874999,0.7514265196969697
16.0,6.0,0.8300211768000001,0.017041802138896,0.0239653101515151,0.7384012926470589
16.0,6.0,0.8598998578751166,0.022030490582712,0.0299470259740259,0.7169279215686274
16.0,6.0,0.8799605964,0.0261748970155,0.03681664140625,0.704486891935484
16.0,6.0,0.9099645132,0.03211409075244,0.04510456234375,0.6811640002941177
16.0,6.0,0.9300742992,0.03765241079199,0.0534203593548387,0.6653146277419355
16.0,6.0,0.9698660050505048,0.0493693679831649,0.0710235356681034,0.631427360591133
16.0,6.0,0.9799913075575576,0.0525572638313313,0.0786385049382716,0.6208249411206077
16.0,6.0,1.030023007,0.07148691176,0.1124851858076923,0.5669888178571428
16.0,6.0,1.0700151489999998,0.08938828515,0.1592613689473684,0.5010226651851851
16.0,6.0,1.0799673200000002,0.0944032781,0.1745070975,0.4747558133333333
17.0,6.0,0.6499058644999999,0.00274615280999,0.0042101705882352,0.8413396712903224
17.0,6.0,0.6699973077000001,0.003512576018557,0.0055915505882352,0.83009703
17.0,6.0,0.6999904093852972,0.0051564024017816,0.0078305707820855,0.8124600053267045
17.0,6.0,0.720055295,0.00658152099082,0.009884314417647,0.800721575625
17.0,6.0,0.7499857036000002,0.009158715128205,0.0132559731433333,0.7823206896969698
17.0,6.0,0.7600296269,0.010384907677013,0.0152890260969696,0.7759985742424242
17.0,6.0,0.7999544178753831,0.0154424966425464,0.0221064602126288,0.7502968787878788
17.0,6.0,0.8099614358,0.016697595470631,0.0237614256666666,0.7437861635294117
17.0,6.0,0.8500172705000001,0.023885424740718,0.03453956534375,0.7150940264705881
17.0,6.0,0.8599236175,0.0256354653347685,0.03603084884375,0.7071472658823528
17.0,6.0,0.8999601568,0.03490631234376,0.0497773631249999,0.6760402217142857
17.0,6.0,0.9100297344,0.0377855268061999,0.0540815574193548,0.6674519353846153
17.0,6.0,0.9400287794,0.0464019269911,0.0677085648214285,0.6403320520000001
17.0,6.0,0.9599548712,0.053194247231,0.0795625053928571,0.6211517746666667
17.0,6.0,0.989986998,0.0640663547,0.1013615549666666,0.5872115831034483
17.0,6.0,1.0099457294,0.07262151936,0.1191366753076923,0.5599046612499999
17.0,6.0,1.050041162,0.09172870998,0.178907943,0.48878256375
18.0,6.0,0.6500002402,0.003269968982193,0.0052771188235294,0.8391837683870969
18.0,6.0,0.6699883119999999,0.003876229510171,0.0065133661764705,0.8272427416129032
18.0,6.0,0.6899809408,0.0052816265688339,0.0085762236088235,0.8151216428125
18.0,6.0,0.7099553293,0.006611361079452,0.0103059976117647,0.8028167621875
18.0,6.0,0.7400030769000001,0.00959716656549,0.0144507719171428,0.7835473321875
18.0,6.0,0.7600162094999999,0.0118177049877316,0.0177574475,0.7703347809090908
18.0,6.0,0.7899349631000001,0.0160330202925319,0.0233485501785714,0.7505480493939395
18.0,6.0,0.7999822633,0.017390061477464,0.0251415316363636,0.742847102647059
18.0,6.0,0.8299795774000001,0.0230687021938,0.0328437409999999,0.7200183947058825
18.0,6.0,0.8500093799,0.026815282611371,0.0394054701249999,0.7051172659375
18.0,6.0,0.8800129487,0.03393940076864,0.04946426625,0.6800889428571428
18.0,6.0,0.8899970811,0.03676422320929,0.05467493,0.6707547720000001
18.0,6.0,0.9199614412,0.045442454058,0.06878881696875,0.6428418671428571
18.0,6.0,0.9399916711999998,0.052005695536,0.0808181788399999,0.6214116947826086
18.0,6.0,0.9800370336,0.06834904178,0.1127739794583333,0.574468798888889
18.0,6.0,1.0199747010000002,0.08662135264,0.1633482,0.49991593875
18.0,6.0,1.0299953889999998,0.09225961174,0.1824643107692307,0.4761460222222222
19.0,6.0,0.6400237666999999,0.002962212691018,0.0050647861764705,0.8428841196774195
19.0,6.0,0.6600154759345224,0.0042042453925714,0.006665644517066,0.8310223257666268
19.0,6.0,0.6899956414999999,0.0062806118254734,0.0095960179382352,0.8120558578124999
19.0,6.0,0.7099513654999999,0.00781236967455,0.0120326013088235,0.798705764375
19.0,6.0,0.7299819530823786,0.0098475493486306,0.0150151417299842,0.7852244731934733
19.0,6.0,0.7500694015000001,0.01215234617772,0.01864886765625,0.7724306484848484
19.0,6.0,0.7800063320999999,0.01685892999711,0.02500983875,0.7508362578787878
19.0,6.0,0.7900307222802254,0.0179334450050845,0.0267551511738436,0.7429757835913312
19.0,6.0,0.8199723769,0.02375259467228,0.0354532723939393,0.7200764982352942
19.0,6.0,0.8300630744999998,0.02558127761016,0.03786942553125,0.7122900863333333
19.0,6.0,0.8599409750999999,0.03305348609015,0.0493931679666666,0.6869599117241377
19.0,6.0,0.8800137071999999,0.038595925081,0.05787511125,0.6685402500000001
19.0,6.0,0.9100284655,0.047886697788,0.0737334163333333,0.6381775131034483
19.0,6.0,0.9200504106,0.051457167493,0.0796126399629629,0.6278280553571428
19.0,6.0,0.9499642367,0.0630463441,0.1058676940357142,0.5890521585714285
19.0,6.0,0.9599226296,0.06748656727,0.11468421956,0.5787419116666667
19.0,6.0,1.0000006,0.08652506759,0.17413686625,0.504258188
20.0,6.0,0.6399703965000001,0.003526446940249,0.0058605894117647,0.8416508054838708
20.0,6.0,0.6600442189,0.004572977743385,0.0076895844117647,0.8283759354838708
20.0,6.0,0.6799976179999999,0.006261686898835,0.0097662826470588,0.8157732459375
20.0,6.0,0.6999636079,0.0079371693755445,0.012159834434375,0.8022277053333332
20.0,6.0,0.7299949153999999,0.0109555906343369,0.0166626883484848,0.7813650457575758
20.0,6.0,0.7400430651793526,0.0124933737631014,0.0194284594628099,0.7746546239669421
20.0,6.0,0.7700397398,0.016724480469342,0.0251449704999999,0.7521789955172413
20.0,6.0,0.7799731864,0.018621980867463,0.0280969374242424,0.7439044618749999
20.0,6.0,0.810005262,0.024256932706996,0.0366160561212121,0.7202354561764706
20.0,6.0,0.8199404208366693,0.0264100548401721,0.0400690306551724,0.7110506738709677
20.0,6.0,0.8499861876999999,0.03393627273898,0.052153710275862,0.6841224137931036
20.0,6.0,0.8600507714,0.0366004152786,0.056417209090909,0.6751637927999999
20.0,6.0,0.8900174567,0.0460306000246,0.0747835104,0.6329559345454546
20.0,6.0,0.9000174579000001,0.049300386511,0.0789802615925925,0.632740614827586
20.0,6.0,0.9300600847,0.06070879776,0.1035374414999999,0.5959525178260868
20.0,6.0,0.9499710781,0.0697975585399999,0.1226391661481481,0.566585857826087
20.0,6.0,0.9800123554,0.0847350424199999,0.1692604472,0.5124618645454546
20.0,6.0,0.9900155302,0.0895551763799999,0.1776408284375,0.4781356570588235
21.0,6.0,0.6399992992,0.0040201960771515,0.0069793767647058,0.8391975681249999
21.0,6.0,0.6599530023000001,0.005411277540824,0.0088557061764705,0.8263319829032258
21.0,6.0,0.6800500599999999,0.0069522554327692,0.0112969736823529,0.8123045546875001
21.0,6.0,0.7000013590999999,0.0087461700786676,0.0138858292058823,0.798500864375
21.0,6.0,0.7199956742,0.011134396703815,0.0172675917090909,0.784620715757576
21.0,6.0,0.739967346,0.013801522638376,0.0212109543636363,0.7695841809090909
21.0,6.0,0.7599814995999999,0.0168271521698798,0.02574758671875,0.753934356969697
21.0,6.0,0.769929401,0.018745929577291,0.0286430711666666,0.7458322731034485
21.0,6.0,0.8000105262000001,0.024590945042598,0.0380574001515151,0.7208518273529412
21.0,6.0,0.8099969635,0.0268647994881219,0.0419647392692307,0.7117647526666667
21.0,6.0,0.8399426702,0.034594501308412,0.0539917232258064,0.6837845336666665
21.0,6.0,0.8499835862,0.03757608141779,0.0594005509090909,0.6750793453846154
21.0,6.0,0.8800692443,0.0474124632556,0.07668292,0.6410939751724138
21.0,6.0,0.889972992,0.0505943714299999,0.0819127215,0.6300942939999999
21.0,6.0,0.9199849589,0.063011856921,0.11151087804,0.5910386293103449
21.0,6.0,0.9300162246,0.0672003688,0.1236186797499999,0.5734682417391305
21.0,6.0,0.9600228577,0.08123621642,0.1579637139583333,0.5167079786363636
21.0,6.0,0.9699684787,0.08699555055,0.1790202833333333,0.4934468147368421
22.0,6.0,0.6200219778,0.0032824486289519,0.0058088827852941,0.850647341
22.0,6.0,0.6399954985999999,0.0044325012509679,0.0076677402941176,0.8376785425806451
22.0,6.0,0.6599837520999999,0.006010093963668,0.0096469635294117,0.8230619645161291
22.0,6.0,0.6799620322,0.0077650815120847,0.0126399829117647,0.8094493721875001
22.0,6.0,0.6900028590000001,0.008463264914604,0.0138032483484848,0.8025666444827588
22.0,6.0,0.7099949068,0.0108492254734792,0.0174101421090909,0.787370746060606
22.0,6.0,0.7300430462,0.013401978843865,0.0210156807151515,0.7724860345454545
22.0,6.0,0.7499965849,0.01690572169086,0.026392006875,0.756569926969697
22.0,6.0,0.7700351537000001,0.02059822334121,0.03164907484375,0.7398874015151515
22.0,6.0,0.7900038879,0.0246669148263319,0.0384672046666666,0.7230152002941176
22.0,6.0,0.8000308129000001,0.02712368617312,0.042016144060606,0.7137124921212122
22.0,6.0,0.8300073025,0.034695566785485,0.055089434137931,0.6850673388235295
22.0,6.0,0.8399794347000001,0.0379304168226,0.0597134492424242,0.674525816060606
22.0,6.0,0.8699939161999999,0.0469724761279,0.07757103375,0.6387180291428572
22.0,6.0,0.8800178248,0.0514029255909999,0.0858352849285714,0.627492188695652
22.0,6.0,0.9200023406,0.06876103183,0.1276457009629629,0.5701432809090908
22.0,6.0,0.9399987315,0.07809568855,0.1550737475217391,0.5287724423809523
22.0,6.0,0.9500492626,0.08380833084,0.1702800217647058,0.511960509
23.0,6.0,0.6200033472238665,0.0040233079438901,0.0067072346081932,0.8495032456349206
23.0,6.0,0.6400368194,0.0048870454808923,0.008551274117647,0.8356167356249999
23.0,6.0,0.6599645783,0.006640725682538,0.0109260694117647,0.8215898080645161
23.0,6.0,0.6700055793,0.0073988816670989,0.0118874415625,0.8139032917647059
23.0,6.0,0.6900137905,0.00943306648699,0.0153117714354838,0.798799365862069
23.0,6.0,0.7099849343999999,0.012351820555434,0.0196790589848484,0.7840379057575758
23.0,6.0,0.7299931819000001,0.015115485892203,0.0236701957575757,0.7684270690909091
23.0,6.0,0.7500572011000001,0.018243092973082,0.029361924090909,0.7511800645161293
23.0,6.0,0.7600014864,0.020735623320249,0.0328496763636363,0.7427634055555556
23.0,6.0,0.7800465269,0.0245131057994258,0.0387569356206896,0.7249068113333335
23.0,6.0,0.8000042287,0.029173838578799,0.0461024466363636,0.7056808209677422
23.0,6.0,0.8199611880000001,0.03500616214064,0.0573339319062499,0.6857435266666667
23.0,6.0,0.8300308205000001,0.03786395119554,0.0618408821111111,0.6752174010714285
23.0,6.0,0.859976334,0.0476909370751,0.0796598337931034,0.6405499984615385
23.0,6.0,0.8700263278999999,0.0522832177,0.0888411646153846,0.6290693808000001
23.0,6.0,0.8899995816999999,0.0598764619599999,0.1097730688095238,0.5980385756
23.0,6.0,0.900018653,0.06440039007,0.1159382043333333,0.5831705744827586
23.0,6.0,0.9300524186,0.07937819419,0.1642409907727272,0.5188131136363636
23.0,6.0,0.9400594591,0.08500828804,0.1901797,0.4915937366666666
24.0,6.0,0.6200219825,0.0040764506322,0.0073654085470588,0.8482956086666665
24.0,6.0,0.6299958097999999,0.0045458572165554,0.0082133744371428,0.8408318499999999
24.0,6.0,0.6499914282,0.006433747691123,0.010568075,0.8264703141935483
24.0,6.0,0.6699829928000001,0.008324706109127,0.0134927717647058,0.8114943222580644
24.0,6.0,0.6899864942999999,0.0106329506160754,0.0168317800058823,0.796249424375
24.0,6.0,0.6999113724,0.0118362603895019,0.0193963830516129,0.7878675081818182
24.0,6.0,0.7200157687,0.014926861500303,0.0236477514242424,0.7718230793939393
24.0,6.0,0.73998411,0.01813306178007,0.0291026095454545,0.7552445971428571
24.0,6.0,0.7599833119999999,0.0219782691955499,0.0351605190625,0.7369761057575758
24.0,6.0,0.7700403285,0.0241473832613379,0.0388107429666666,0.7280731293939393
24.0,6.0,0.7900825957000001,0.02911493354109,0.0468577413125,0.7083346048387099
24.0,6.0,0.8099575773999999,0.03483655559205,0.0566836962857142,0.6889180562068965
24.0,6.0,0.8199977169,0.037968335919859,0.061233346037037,0.6773439703448275
24.0,6.0,0.8399825590000001,0.044622349814,0.074912824137931,0.6541649503448276
24.0,6.0,0.8599784079000001,0.051734686789,0.0887090304,0.628240793076923
24.0,6.0,0.8800214699,0.060539914917,0.1101293635862068,0.59955084
24.0,6.0,0.8900418359,0.06484454875,0.1200593692083333,0.581461015
24.0,6.0,0.9099951425,0.07477979964,0.1542646923448275,0.5404811104166667
24.0,6.0,0.9200123753,0.08054535145,0.1710270438461538,0.5268792411111111
25.0,6.0,0.6199952135999999,0.004611946852476,0.0079790294852941,0.8468244733333333
25.0,6.0,0.6300081537999999,0.0050547070653923,0.0092847633548387,0.8390117925
25.0,6.0,0.6500085408,0.006867995971027,0.0114856638235294,0.8244610793548385
25.0,6.0,0.6700273459999999,0.0088633210734296,0.0147048361764705,0.8088478051612902
25.0,6.0,0.680009938,0.010357436349365,0.0166810915529411,0.8013498309375
25.0,6.0,0.7000203018,0.0126789842190835,0.020817513148387,0.7843839060606062
25.0,6.0,0.7199869472,0.016330742855276,0.0264463593636363,0.767980899
25.0,6.0,0.7299618417,0.018035377735594,0.028912799,0.7591428097058823
25.0,6.0,0.7499745939,0.021732300967597,0.03436447421875,0.740777173030303
25.0,6.0,0.7699493215000001,0.026509560174002,0.0420273563333333,0.7217311785294119
25.0,6.0,0.7799740478999999,0.0286412273183099,0.0466432790882353,0.711838556451613
25.0,6.0,0.7999920056,0.034566512345976,0.0566907646562499,0.6908132317647058
25.0,6.0,0.8100106932,0.037434794633234,0.062304731030303,0.67902084
25.0,6.0,0.8400012277,0.04829550813,0.0812912035714285,0.6437648729032258
25.0,6.0,0.8500426478170477,0.0513502259567567,0.08818809375,0.6322050961538461
25.0,6.0,0.8699923408999999,0.06031760306,0.1108535548148148,0.6009925252631578
25.0,6.0,0.8799796861999999,0.0651883016,0.1244797468499999,0.5840876146153847
25.0,6.0,0.8999944105000001,0.0749330149799999,0.1561608144,0.539786425
25.0,6.0,0.9099393661,0.0805285741799999,0.1892472516086956,0.5143026775000001
26.0,6.0,0.6200241290627585,0.0048070990925457,0.0085387545483193,0.8451234547619045
26.0,6.0,0.6299687623000001,0.0058384633149584,0.0100651560099999,0.837408421764706
26.0,6.0,0.6499826044,0.0075295507882657,0.0125544197058823,0.8220780061290321
26.0,6.0,0.6599703149,0.0083938604572344,0.014056223125,0.8141910926470588
26.0,6.0,0.6799829027,0.011002955840192,0.0182805573823529,0.7977685103125001
26.0,6.0,0.6999784740000001,0.013783284204998,0.0231579487764705,0.7811152650000001
26.0,6.0,0.7100098873,0.0153695538423323,0.0255496826666666,0.7718311763636363
26.0,6.0,0.7299739637,0.01909132308002,0.0310867198666666,0.7543859868965517
26.0,6.0,0.7500157268000001,0.02349600239315,0.03840950953125,0.7358146854545454
26.0,6.0,0.7600620642999999,0.0258728613142499,0.04233809734375,0.7256021606060605
26.0,6.0,0.7800053674999999,0.03081697845725,0.0512711880344827,0.7047211268965519
26.0,6.0,0.7900340792999999,0.033639467669076,0.0563432052962963,0.6940516024137934
26.0,6.0,0.8100188716999999,0.04007722491322,0.06741727703125,0.6707191978125
26.0,6.0,0.8299962153,0.047300631153,0.082201715625,0.6436855371428571
26.0,6.0,0.8400092096,0.050922964247,0.0906868371428571,0.63216411
26.0,6.0,0.869974093,0.06413507341,0.1228793332399999,0.5829098834782609
26.0,6.0,0.88998886,0.07461901033,0.1636552495,0.5426824833333334
26.0,6.0,0.9000091290999999,0.0794480445999999,0.176900791875,0.5001036095238094
27.0,6.0,0.5999843381,0.0039141516728952,0.0072150425433333,0.8587577670588235
27.0,6.0,0.620014321,0.0052452188101974,0.0093360295147058,0.8434183899999999
27.0,6.0,0.6300575835,0.006181534185109,0.0106048075647058,0.8357615427027026
27.0,6.0,0.6500026566,0.008078373177686,0.0140502744117647,0.8200500880645161
27.0,6.0,0.6600191062,0.0093693981703963,0.0157606667647058,0.8118339487096775
27.0,6.0,0.680031910521444,0.0118127534132489,0.0198757813614311,0.7950978137886597
27.0,6.0,0.6900038336,0.013149755209414,0.0219577162580645,0.7863015493548388
27.0,6.0,0.7099770830000001,0.0165877012136165,0.0276747108484848,0.7688893990909093
27.0,6.0,0.7300120377,0.020249364019428,0.033633444,0.7496243727586208
27.0,6.0,0.7400033701000001,0.022636553294439,0.03796427984375,0.7401512490909091
27.0,6.0,0.7600265,0.027335861232662,0.045411977090909,0.720164871764706
27.0,6.0,0.7699669099,0.0302445550086539,0.05078218690625,0.7092674066666667
27.0,6.0,0.7900193034,0.03629541752852,0.061911188032258,0.6874491393333333
27.0,6.0,0.7999970416,0.0396039966172,0.0666128732258064,0.6751077764516131
27.0,6.0,0.8200043316,0.0471240952699,0.082302137125,0.6503842511764707
27.0,6.0,0.8299475383000001,0.0502669820569,0.0903532365517241,0.6352147292307693
27.0,6.0,0.8500019670999999,0.0589306643599999,0.1118843333333333,0.6021647630769232
27.0,6.0,0.8600040405,0.06369890259,0.123010710076923,0.5852751922727273
27.0,6.0,0.8800390095,0.07381589754,0.1556173342666666,0.5430663079999999
27.0,6.0,0.8900299877513711,0.0798479627970749,0.1983470659259259,0.5147309037037037
28.0,6.0,0.6000314325,0.004211945885929,0.0076315972933333,0.8573712757575758
28.0,6.0,0.6200057625960717,0.005548101338852,0.0096991012517934,0.8421264060975611
28.0,6.0,0.6300293271999999,0.006500783248296,0.0115848980785714,0.834030432
28.0,6.0,0.6499780906,0.0086419395660461,0.0147963879411764,0.8180541170967743
28.0,6.0,0.6600170465999999,0.009843796296986,0.0166944811764705,0.8090698022580644
28.0,6.0,0.6799961189,0.0126422044861409,0.0210389833058823,0.7920004549999999
28.0,6.0,0.6900452254,0.01413077070345,0.0240694053705882,0.7828814490625
28.0,6.0,0.7099835503999999,0.017515561609359,0.0292136567878787,0.7644227336363637
28.0,6.0,0.7200101935000001,0.01954867059301,0.0325582764333333,0.7547490193939393
28.0,6.0,0.7399892014999999,0.023982921303145,0.04065084765625,0.7352328715151516
28.0,6.0,0.7499948354,0.0264555591437219,0.0444556764516129,0.724749226551724
28.0,6.0,0.7700249429,0.0324819039041699,0.05481929896875,0.7031150159375
28.0,6.0,0.7800089841000001,0.0351735877933249,0.0595455356666666,0.691723779
28.0,6.0,0.7900239085999999,0.03812424714899,0.0659795994482758,0.6783048831034482
28.0,6.0,0.8100182029,0.0456090166324,0.08041490071875,0.6538617476470588
28.0,6.0,0.8199611063000001,0.0491825579133,0.0895975264285714,0.638534815
28.0,6.0,0.8399892040000001,0.0582029180949999,0.1116556118181818,0.608874207857143
28.0,6.0,0.8499659817836053,0.0623454157641877,0.1229412860869565,0.58749282
28.0,6.0,0.870019225,0.0724762530299999,0.1541084954782609,0.5454238007407406
28.0,6.0,0.8799894694999999,0.0783323390499999,0.1737003585714285,0.5214389783333334
29.0,6.0,0.6000129070263488,0.0046903209625533,0.0082335335769701,0.8563445480268057
29.0,6.0,0.6200121433,0.006230214419231,0.0111322955911764,0.8407071213333331
29.0,6.0,0.6299772364,0.007231318066018,0.0125031421411764,0.8322450173333333
29.0,6.0,0.650014089,0.0092221642080641,0.0162001514705882,0.8155115454838711
29.0,6.0,0.6600013266280259,0.0102594374692465,0.017791332995267,0.8070011253244345
29.0,6.0,0.6800116776999999,0.0133065053724244,0.0227505334911764,0.7892084471875
29.0,6.0,0.6899505311,0.015222562970088,0.0257146132058823,0.7798684143749999
29.0,6.0,0.7000323543,0.016841771506855,0.0287385975151515,0.7704121745454545
29.0,6.0,0.7199658282,0.0212037339410563,0.0357313014705882,0.7513047382857143
29.0,6.0,0.7299442460000001,0.02331105075759,0.038944178,0.7411390292592595
29.0,6.0,0.7500067595000001,0.02844548110832,0.0486376860937499,0.7198207215625001
29.0,6.0,0.7600036061,0.0310679269367539,0.0525751012499999,0.7081987392307693
29.0,6.0,0.7799703118000001,0.03729541432021,0.0640263122999999,0.683684178125
29.0,6.0,0.7899885833,0.04106137927458,0.0705250487037037,0.6733037629166668
29.0,6.0,0.7999769526,0.044286737072,0.07852428953125,0.6581469011764706
29.0,6.0,0.8200208471,0.052439232709,0.09647118,0.62905778
29.0,6.0,0.8300089192,0.056626606464,0.106523536,0.6126378321428572
29.0,6.0,0.8400430720000001,0.06108664145,0.1182603365217391,0.5946054924999999
29.0,6.0,0.8599324839000001,0.07125082247,0.153686743,0.5492906921739131
29.0,6.0,0.8700498548,0.07676334395,0.1716622266666666,0.5239572615000001
30.0,6.0,0.5999910782,0.0050967682201389,0.0088677323205882,0.8549418255882353
30.0,6.0,0.6200234318000001,0.00645571062239,0.0117343730794117,0.8389435833333334
30.0,6.0,0.6300026452,0.0074780775561045,0.0132227103352941,0.8304808503333334
30.0,6.0,0.6499807650999999,0.0098695152503819,0.0166511161764705,0.8133477574193547
30.0,6.0,0.6599914622999999,0.011518058652462,0.0195422335294117,0.8050171183870967
30.0,6.0,0.669942850088574,0.0126550110292327,0.0217428737352941,0.7951041649305555
30.0,6.0,0.6900561599,0.0159897447008528,0.0270417188148148,0.7763615322580645
30.0,6.0,0.7000229576000001,0.017768239368251,0.030488182090909,0.7666279772727274
30.0,6.0,0.7100072172999999,0.019781747095531,0.0337440954242424,0.7568346387878787
30.0,6.0,0.7299767830999999,0.024585368996667,0.0412910687878787,0.7371941603333332
30.0,6.0,0.7400028905999999,0.026870768848592,0.0451206391071428,0.7254927116129033
30.0,6.0,0.7599937931,0.03288194554841,0.0579504850333333,0.702789862962963
30.0,6.0,0.7699989117999999,0.03600974657704,0.0640830588518518,0.6910861809999999
30.0,6.0,0.779958004,0.039565694422665,0.0687408760714285,0.6779041146428574
30.0,6.0,0.7999660341,0.0467604908122,0.08566299453125,0.6484718379411765
30.0,6.0,0.8100193798,0.051015524402,0.0954234926896551,0.6351617803448277
30.0,6.0,0.8400084345000001,0.064419016436,0.1303511009999999,0.581152159090909
30.0,6.0,0.8599494192,0.07562025524,0.1715131612499999,0.5345444645454545
30.0,6.0,0.8600187569,0.07512173685,0.167655984047619,0.5331499942857144
31.0,6.0,0.6000257439565861,0.0050910667922742,0.0092667765141612,0.8540973620071687
31.0,6.0,0.6200227580075366,0.0071363796126542,0.0128860128466386,0.8369799849206351
31.0,6.0,0.6300140284,0.008078722631992,0.0141700028,0.8288352243333333
31.0,6.0,0.6499972270803949,0.010060999647038,0.0178253529411764,0.809722258064516
31.0,6.0,0.6500233996613995,0.0103195254948063,0.0183958806818181,0.8110803390762462
31.0,6.0,0.6699962532,0.0134177762552512,0.0232700232558823,0.7928970762499999
31.0,6.0,0.679948735756692,0.0149019184606238,0.0259016125919117,0.7826916383463542
31.0,6.0,0.699991875,0.0190404001831634,0.0323139516666666,0.7634303454545456
31.0,6.0,0.7099661554000001,0.021437490608448,0.0366593927419354,0.7538353228571428
31.0,6.0,0.719983003,0.023533292483599,0.0406107753,0.7427548343333333
31.0,6.0,0.7400229020000001,0.028238051077513,0.0487248876562499,0.7198326824242424
31.0,6.0,0.7499867699,0.031258540190164,0.0542387698387096,0.7084836387096773
31.0,6.0,0.7599917010999999,0.0347642256921869,0.0617223792121212,0.6959123676470588
31.0,6.0,0.7800177877,0.04147448871044,0.0738892941851851,0.6698459520000001
31.0,6.0,0.7900329400999999,0.0455217809878,0.0823524605185185,0.6574364627586206
31.0,6.0,0.7999386536,0.0496008402281,0.0915957355384615,0.6434705344
31.0,6.0,0.8200276965000001,0.05815585685,0.1153924971428571,0.6093352368
31.0,6.0,0.8299736581999999,0.0630013882,0.12601554,0.5890291752
31.0,6.0,0.849988037,0.0732896889,0.1614642129999999,0.5410068972413794
31.0,6.0,0.8599815654999998,0.07941550589,0.1888717033333333,0.5153590155555556
32.0,6.0,0.6000595735,0.005255735736263,0.009914323567647,0.8527498974193547
32.0,6.0,0.6199634266,0.0073881449420699,0.0132346140411764,0.8358092103333336
32.0,6.0,0.629992105,0.0084648657665286,0.0152789221205882,0.8264639933333334
32.0,6.0,0.6499776803999999,0.011229461104392,0.0194865953333333,0.808436062368421
32.0,6.0,0.6500363309,0.010718950290616,0.0193228336,0.8081179259999999
32.0,6.0,0.6699938862,0.014166234975493,0.0246758252352941,0.7903078093749999
32.0,6.0,0.6800417968,0.01573711167305,0.0276214953529411,0.780087558125
32.0,6.0,0.6999472775923453,0.0201057307701905,0.0350546903302689,0.7595726697310181
32.0,6.0,0.7099834660000001,0.0220140609565529,0.0377476697857142,0.7494140687096773
32.0,6.0,0.7200083797,0.0247092813550519,0.0427702345624999,0.7386012400000002
32.0,6.0,0.7299932558000001,0.027354452842669,0.047910005,0.7269328993939393
32.0,6.0,0.7500703078999998,0.033037022377861,0.0578140298387096,0.7024992587096771
32.0,6.0,0.7600129321,0.0365391984253999,0.0645896927586206,0.690755883
32.0,6.0,0.7699828644915934,0.0392873919698458,0.0718476576666666,0.6752365733333334
32.0,6.0,0.7899690265,0.0474189197313,0.0891796485,0.6477177535294117
32.0,6.0,0.8000249377,0.051696533989,0.0991656492799999,0.6330035237499999
32.0,6.0,0.810050954,0.0564600048389999,0.109177303125,0.614650394
32.0,6.0,0.8200363583999999,0.0611872838221,0.1240108554545454,0.5968969584
32.0,6.0,0.8400133808000001,0.0713286056799999,0.1561650114545454,0.5509919958333334
33.0,6.0,0.5999835184191266,0.0059399925208062,0.0105224130439814,0.8513261037704372
33.0,6.0,0.6200363972999999,0.0078086080124279,0.0140550735939393,0.8337031546875
33.0,6.0,0.6298634591573516,0.0090499741266552,0.0156225477272727,0.8256802818181816
33.0,6.0,0.640026765,0.01019389567356,0.01798083985,0.8157069653333332
33.0,6.0,0.6500067665,0.0114389236691649,0.0203321958823529,0.8060109332258065
33.0,6.0,0.669959017,0.015248285675883,0.0265278615,0.787099251875
33.0,6.0,0.6799998137,0.016710998631119,0.0289701515,0.7774458075
33.0,6.0,0.6899972509000001,0.018736961419459,0.0324651648709677,0.7671088166666666
33.0,6.0,0.7000480864,0.020866586559777,0.0363871293030303,0.7563154984848485
33.0,6.0,0.7200324327000001,0.025833555823968,0.0460384314375,0.7340158639999999
33.0,6.0,0.7299895430000001,0.0287257319152266,0.050675586,0.7220946976666666
33.0,6.0,0.7399909354000002,0.0314704322700029,0.05594856515625,0.7102398012903229
33.0,6.0,0.7599810072,0.038283508757656,0.0688093232121212,0.6849558161764706
33.0,6.0,0.7700355708,0.0419136728102,0.0778775228148148,0.6706918665517243
33.0,6.0,0.7800083904000001,0.04561017436216,0.08411884978125,0.6557533967647059
33.0,6.0,0.7900015185999999,0.04989679188128,0.0968151383333333,0.639698004
33.0,6.0,0.8100203129,0.05852782219,0.1156966044444444,0.6055643935714287
33.0,6.0,0.8200694771,0.063947164132,0.1342698763636363,0.5856409565217391
33.0,6.0,0.8300188541,0.06879773802,0.1509293303999999,0.5587455688888888
33.0,6.0,0.8399746786,0.07494120986,0.17840191,0.5320505284210527
34.0,6.0,0.600046676928649,0.0060133983163039,0.0113586057711621,0.8500899724626277
34.0,6.0,0.619964756,0.008273767967376,0.0147197663558823,0.83244711
34.0,6.0,0.6300188302,0.009391032443474,0.0169652009794117,0.823404894
34.0,6.0,0.6399836676,0.0110000237112789,0.0195011819967741,0.8136890565624999
34.0,6.0,0.6499965895661725,0.0122305367550982,0.0213948280542986,0.8045160322580645
34.0,6.0,0.6700092456,0.01550345910921,0.0273081291764705,0.7837784109375
34.0,6.0,0.6800113723000001,0.0175031585121577,0.0305681907777777,0.7737854215625
34.0,6.0,0.6899435339000001,0.019803645686202,0.0349281193823529,0.763537305625
34.0,6.0,0.699995732,0.0219022238045053,0.038271146,0.7517212012500001
34.0,6.0,0.7200163454,0.027291849240933,0.0480322585666666,0.7300385741379312
34.0,6.0,0.7300212615,0.029977609587955,0.0539217562962963,0.7181197773333333
34.0,6.0,0.7400044451,0.0333600487264119,0.0613473608333333,0.7045351424
34.0,6.0,0.7500611778999999,0.03668468239407,0.0674770237586206,0.6918201909375
34.0,6.0,0.7600180270999999,0.04020618742915,0.0738955883666666,0.6780141763333332
34.0,6.0,0.779978261,0.0475995345673,0.0904431812,0.6473326959259259
34.0,6.0,0.7899981023,0.0520651831529999,0.1004165679629629,0.6325272821875
34.0,6.0,0.7999698252,0.056330970572,0.1112176034583333,0.612511793548387
34.0,6.0,0.8100160039031226,0.0620878918534827,0.12764729,0.5961518060869565
34.0,6.0,0.8300674780999999,0.0718685214,0.1646995434782609,0.5420896655999999
34.0,6.0,0.8399716751522724,0.078298933640481,0.1983410603693181,0.5108096985294117
