lr,la,T*,P*,rhov*,rhol*,dHvap*,dUvap*
7.0,6.0,0.7503051044827586,8.238062968965518e-05,0.00011,0.915221,9.690469503448275,8.941644699822305
7.0,6.0,0.7701042672413794,0.0001006798748275,0.000131,0.909593,9.652754979310345,8.884317003235031
7.0,6.0,0.9005156934482759,0.0007668834989655,0.00086,0.873697,9.36814411724138,8.477296863817072
7.0,6.0,0.9200682151724138,0.0009236210768965,0.001015,0.867923,9.329977541379307,8.421070211031989
7.0,6.0,1.0501982793103448,0.0031238987172413,0.003057,0.830985,9.019326810344827,8.001202301851569
7.0,6.0,1.0703873586206898,0.0037698029344827,0.003635,0.825303,8.96524844137931,7.93273150811012
7.0,6.0,1.2000724758620689,0.0090710668275862,0.00802,0.787284,8.59728993448276,7.477756195652283
7.0,6.0,1.219895927586207,0.0102791357931034,0.008992,0.781129,8.531762931034482,7.401779937221499
7.0,6.0,1.350219979310345,0.0212541279310344,0.017583,0.740443,8.06675371724138,6.886669842807459
7.0,6.0,1.3804520068965516,0.0243015653448275,0.019873,0.730569,7.949135644827587,6.759556210424423
7.0,6.0,1.510187127586207,0.0430451631724137,0.034333,0.685656,7.333725193103447,6.142749936607982
7.0,6.0,1.5297364275862069,0.0464644293103448,0.036981,0.679169,7.230942606896551,6.042915669517022
7.0,6.0,1.660162579310345,0.0740881457931034,0.059272,0.627142,6.4310887034482755,5.299256143495394
7.0,6.0,1.679923668965517,0.0795227678620689,0.064069,0.619571,6.280520186206896,5.167666452238171
7.0,6.0,1.808517151724138,0.1184543503448275,0.101221,0.555862,5.122093855172414,4.164939446037228
7.0,6.0,1.8298722551724136,0.1253872734482758,0.108511,0.544977,4.914030844827586,3.988583023031432
8.0,6.0,0.7203362824137931,0.0002358459137931,0.000329,0.886853,8.614243475862068,7.897652530777577
8.0,6.0,0.7402609379310344,0.0002813038748275,0.000382,0.880686,8.57074584137931,7.834667677792853
8.0,6.0,0.8402296227586208,0.0010198564965517,0.00123,0.849428,8.335608879310344,7.507657895229504
8.0,6.0,0.86021761,0.0012009847517241,0.001417,0.843269,8.28699076551724,7.440860448951759
8.0,6.0,0.9694547872413796,0.0038647011275862,0.004132,0.808159,7.979368017241379,7.048840071919666
8.0,6.0,0.9803507293103448,0.0041780767862068,0.004426,0.804593,7.959284365517242,7.0204923345609656
8.0,6.0,1.0898817206896554,0.0095372162551724,0.009367,0.767793,7.608560624137931,6.602810315233209
8.0,6.0,1.1095642206896552,0.0112773548620689,0.010989,0.761423,7.524631848275861,6.513202422956752
8.0,6.0,1.2099038275862068,0.0204115513448275,0.019008,0.725067,7.134721924137931,6.0890331536250795
8.0,6.0,1.2299524000000002,0.022640814275862,0.020929,0.718073,7.046847144827586,5.996585607970777
8.0,6.0,1.3296864344827586,0.0379012646551724,0.034497,0.679169,6.529587989655172,5.486710422027355
8.0,6.0,1.3499614103448276,0.0412533806896551,0.037406,0.670426,6.423275596551724,5.38195404182433
8.0,6.0,1.4498871310344827,0.0633810258965517,0.058222,0.625355,5.755330379310345,4.7680728911486145
8.0,6.0,1.470211848275862,0.0671773677931034,0.061455,0.616165,5.632954555172414,4.648864757016009
8.0,6.0,1.568902948275862,0.0968607603448275,0.093311,0.560848,4.723863110344827,3.858524980917309
8.0,6.0,1.590379617241379,0.1053931462068965,0.104663,0.547441,4.457542703448276,3.643086183476837
9.0,6.0,0.7000612262068966,0.0003588678537931,0.000516,0.870205,7.912768072413792,7.217700130217985
9.0,6.0,0.7201969351724137,0.0004324530217241,0.000605,0.863255,7.866529213793102,7.152231787067597
9.0,6.0,0.8101928327586208,0.0014873373655172,0.001871,0.832568,7.623964137931035,6.830808111224643
9.0,6.0,0.8196933751724138,0.0017446663206896,0.002175,0.829221,7.58750245862069,6.7874610061376375
9.0,6.0,0.9096107796551725,0.0043998255827586,0.005047,0.797196,7.3180665517241374,6.451815204145802
9.0,6.0,0.9301285344827588,0.0053142730448275,0.006,0.789819,7.256269886206897,6.377286181559873
9.0,6.0,1.0102770586206895,0.0100060231689655,0.010694,0.75987,6.972551548275861,6.050052595330375
9.0,6.0,1.0301850896551723,0.0115467714137931,0.012207,0.751825,6.8933813586206885,5.962825746161447
9.0,6.0,1.1101318,0.0197136103448275,0.020149,0.720533,6.539249948275862,5.588218208258755
9.0,6.0,1.1301592827586209,0.0220021384137931,0.022316,0.711767,6.451929779310345,5.496906194497644
9.0,6.0,1.2199242896551723,0.036255503137931,0.036284,0.671872,5.953951931034483,5.008699234766938
9.0,6.0,1.2296772931034483,0.0383363283448275,0.038429,0.666716,5.885658527586207,4.945570268252037
9.0,6.0,1.3201427137931034,0.0581269306206896,0.058824,0.621558,5.266256006896552,4.371624203483327
9.0,6.0,1.3403976517241378,0.0636520223448275,0.064996,0.610555,5.097845055172414,4.222775631691529
9.0,6.0,1.4200810482758623,0.0879120460689655,0.094333,0.560932,4.322344696551724,3.5471365479536976
9.0,6.0,1.4405648482758622,0.094911639,0.103751,0.545518,4.084260755172414,3.3434430255405445
10.0,6.0,0.6905698034482759,0.0005769190896551,0.000844,0.858782,7.40707318275862,6.724191546586118
10.0,6.0,0.7097240531034483,0.0008285798393103,0.001183,0.851562,7.348573831034482,6.649141230527558
10.0,6.0,0.7795254820689657,0.0019076697448275,0.002507,0.825144,7.144215424137931,6.385590074000615
10.0,6.0,0.8003008889655172,0.0023949239620689,0.00308,0.817772,7.080083865517241,6.305439746748069
10.0,6.0,0.8700500010344828,0.0051406131793103,0.006215,0.790301,6.846808603448276,6.026183193497071
10.0,6.0,0.8902172837931034,0.0060164272275862,0.007149,0.781988,6.778500517241379,5.944618219806651
10.0,6.0,0.9602149068965518,0.0107881414482758,0.012238,0.752917,6.502175886206896,5.634976200847807
10.0,6.0,0.9798150789655172,0.0126901749310344,0.014269,0.74457,6.411189703448276,5.538880544630165
10.0,6.0,1.0498672413793102,0.0207175337586206,0.02268,0.71341,6.072732751724137,5.188301396098684
10.0,6.0,1.069684475862069,0.0231907239655172,0.02521,0.704002,5.968934072413793,5.081973564461697
10.0,6.0,1.139620024137931,0.0350405877931034,0.03779,0.669678,5.553430631034482,4.678510182843107
10.0,6.0,1.149964179310345,0.0373658064827586,0.040414,0.664636,5.482209524137931,4.613853677334204
10.0,6.0,1.229817572413793,0.0563772811034482,0.062273,0.617753,4.864038131034484,4.049975343457572
10.0,6.0,1.2408484586206896,0.0588357093103448,0.065026,0.613261,4.792022086206897,3.9831583501973187
10.0,6.0,1.3194981344827583,0.0842468169655172,0.099343,0.557077,3.953626606896551,3.256816927567848
10.0,6.0,1.3308649689655172,0.0881903467586207,0.105335,0.550473,3.831642368965517,3.1546137948018687
11.0,6.0,0.6796790224137931,0.0007993324872413,0.001192,0.852407,7.036211758620689,6.366568548663017
11.0,6.0,0.7003842475862069,0.0010956884827586,0.001591,0.844413,6.977049579310345,6.289668031678593
11.0,6.0,0.7601939779310346,0.0023875480310344,0.003236,0.820013,6.786632706896552,6.051735889648189
11.0,6.0,0.7799297365517242,0.0030834070137931,0.004101,0.811981,6.710754872413793,5.962685151599651
11.0,6.0,0.8402417213793104,0.0056653948551724,0.007134,0.786092,6.496122555172414,5.709189579754997
11.0,6.0,0.8605646372413793,0.0067639394689655,0.008376,0.777373,6.4191529448275855,5.620315825696949
11.0,6.0,0.9201973641379312,0.011669813,0.013954,0.750345,6.156932444827586,5.336179107517447
11.0,6.0,0.9400807796551724,0.0136596183793103,0.01618,0.741278,6.0564446,5.230643142408962
11.0,6.0,1.0005162644827588,0.0210860884827586,0.024436,0.712378,5.747174096551724,4.91386286786271
11.0,6.0,1.009664237241379,0.0223564126206896,0.02583,0.707209,5.692220920689655,4.858311891836663
11.0,6.0,1.079220851724138,0.0346173507241379,0.039788,0.669447,5.249729237931035,4.431394599288881
11.0,6.0,1.0891493448275862,0.0363970364137931,0.041746,0.663552,5.184564606896552,4.367547593563266
11.0,6.0,1.1605271137931037,0.0537332814482758,0.062965,0.620215,4.620890624137931,3.8541438326144752
11.0,6.0,1.1691572379310349,0.057064058137931,0.067726,0.613654,4.509227248275862,3.759645458899776
11.0,6.0,1.239527648275862,0.0801348728275862,0.101844,0.5589,3.7282756206896552,3.0848158368688283
11.0,6.0,1.2488233103448276,0.082282345137931,0.103926,0.550474,3.648669662068966,3.006405356461543
11.0,6.0,1.3180273827586206,0.1120375706896551,0.168468,0.464291,2.347613899655172,1.9238851464499729
12.0,6.0,0.6704594468965517,0.0010660894172413,0.001618,0.849388,6.7554363620689655,6.097798152855244
12.0,6.0,0.68965535,0.0014139312275862,0.002094,0.840721,6.693152068965517,6.01960406427428
12.0,6.0,0.6901822448275863,0.0014639520344827,0.002169,0.840987,6.686029434482759,6.012826881399562
12.0,6.0,0.7395488410344826,0.0027893269586206,0.003907,0.819071,6.517378975862068,5.806853825533324
12.0,6.0,0.7602995920689656,0.0034630067482758,0.004746,0.810322,6.440763396551724,5.7153685046686284
12.0,6.0,0.7599557862068965,0.0034016142862068,0.004659,0.81012,6.4462608310344836,5.720342908100228
12.0,6.0,0.8197658565517241,0.0066622567655172,0.008685,0.782505,6.201442413793103,5.442857200959893
12.0,6.0,0.8300137655172415,0.0072390335896551,0.009353,0.778157,6.159241031034482,5.394563968534925
12.0,6.0,0.8303423231034482,0.0071265683137931,0.009192,0.778244,6.161926896551724,5.395782972572395
12.0,6.0,0.890417482413793,0.0122013049999999,0.015165,0.748701,5.887155631034483,5.098882200824286
12.0,6.0,0.8995435603448275,0.0135521894827586,0.016842,0.743963,5.825476124137931,5.039026058793345
12.0,6.0,0.8997178303448274,0.013302314275862,0.016484,0.743934,5.833002413793103,5.043900060130276
12.0,6.0,0.9594498086206896,0.0210764889310344,0.0256,0.711887,5.5028478172413795,4.709153977455096
12.0,6.0,0.9799027848275862,0.0246110599655172,0.029869,0.701512,5.372586500000001,4.583702724840578
12.0,6.0,0.9797646948275862,0.0243141795517241,0.029443,0.700896,5.378200434482759,4.587085473579101
12.0,6.0,1.0293210034482758,0.0329725667931034,0.039644,0.671916,5.053795589655172,4.271151597145724
12.0,6.0,1.0502113068965515,0.0383236012068965,0.046578,0.659586,4.8818795379310345,4.117198732325758
12.0,6.0,1.0496537206896552,0.0381508599310344,0.046319,0.659548,4.8856190034482765,4.119808296749077
12.0,6.0,1.0991830137931036,0.0504360213793103,0.062181,0.625929,4.469187372413793,3.7386489561248855
12.0,6.0,1.1203197,0.0569382743103448,0.071408,0.611086,4.2634430344827585,3.559253103146041
12.0,6.0,1.120278662068965,0.0569751398620689,0.071552,0.61086,4.261907689655172,3.5589020691934485
12.0,6.0,1.1699239827586203,0.0729838546896551,0.095616,0.569542,3.707724089655173,3.072567212348421
12.0,6.0,1.1906997689655172,0.0811827725517241,0.110337,0.551697,3.4250093068965515,2.8363892501267367
13.0,6.0,0.6705226686206898,0.0013735504931034,0.002092,0.844076,6.506755475862069,5.85180986537081
13.0,6.0,0.6805403282758621,0.0017058584551724,0.002571,0.839646,6.467809631034482,5.80634128853672
13.0,6.0,0.7304044024137931,0.0032130533931034,0.004577,0.816408,6.28204558275862,5.583981312989557
13.0,6.0,0.7503464365517241,0.0040567912586206,0.005666,0.807029,6.203131303448276,5.49216955189895
13.0,6.0,0.8002162527586206,0.0072242097206896,0.009703,0.781973,5.98581388275862,5.250518700979476
13.0,6.0,0.8095615034482759,0.0078163091862068,0.010417,0.777543,5.9386540344827585,5.198364938364156
13.0,6.0,0.8601754865517242,0.0123525436896551,0.015965,0.751244,5.692387337931034,4.935103615746021
13.0,6.0,0.8801830079310345,0.014976629,0.019244,0.740119,5.580644713793104,4.822630875053912
13.0,6.0,0.9298228741379312,0.0213921420689655,0.026951,0.71193,5.295666062068965,4.531972106644482
13.0,6.0,0.9400983934482758,0.0233407004482758,0.029441,0.706407,5.225974658620689,4.466220316636608
13.0,6.0,0.989606907586207,0.0328364265172413,0.041408,0.67439,4.877685196551724,4.133378593393672
13.0,6.0,1.010844699310345,0.0375569912413793,0.047571,0.661412,4.715955510344828,3.983245146289222
13.0,6.0,1.060239296551724,0.0506718449310344,0.065621,0.62535,4.269197482758621,3.5780375923505137
13.0,6.0,1.069512548275862,0.0536925110344827,0.070218,0.617354,4.163017882758621,3.4853353617766785
13.0,6.0,1.120258127586207,0.0702666814827586,0.096234,0.574524,3.59661191724138,2.9887512661173874
13.0,6.0,1.1404020068965517,0.0786178648275862,0.112493,0.552208,3.2775957241379308,2.721096795315853
14.0,6.0,0.6601571434482758,0.0015941392034482,0.002473,0.844594,6.331539831034482,5.688809742250822
14.0,6.0,0.6799859965517241,0.0021549370827586,0.003266,0.834946,6.255185831034483,5.597957488793788
14.0,6.0,0.7197419882758622,0.0036657069965517,0.005323,0.815362,6.093065220689654,5.408906694159491
14.0,6.0,0.7400774013793103,0.0047506579689655,0.006777,0.805612,6.003166331034482,5.30806609453392
14.0,6.0,0.7803464306896551,0.0075016436862068,0.010372,0.784149,5.820400468965517,5.106707944870536
14.0,6.0,0.800045886551724,0.0089511058103448,0.012191,0.77368,5.725798272413793,5.003128942687429
14.0,6.0,0.840016245862069,0.012987702,0.017306,0.75173,5.510750003448276,4.777553147301505
14.0,6.0,0.8600979813793104,0.0154819347586206,0.020466,0.739675,5.39852171724138,4.662981478788427
14.0,6.0,0.9001557913793103,0.0212896441034482,0.027816,0.715264,5.154109403448276,4.418500106356077
14.0,6.0,0.920405851724138,0.0250005693793103,0.032658,0.702857,5.013656017241379,4.283699288919246
14.0,6.0,0.9598217706896552,0.0329144796206896,0.043065,0.676117,4.716877706896552,4.0012616591085886
14.0,6.0,0.9798449206896552,0.0383032250689655,0.050768,0.66228,4.534397644827586,3.8377572855259117
14.0,6.0,1.0196333862068965,0.0480968141724137,0.064327,0.630579,4.18701754137931,3.5155991111972336
14.0,6.0,1.0398495862068966,0.0547846801034482,0.07491,0.613181,3.9580034379310343,3.316008467123596
14.0,6.0,1.079437655172414,0.0690132794137931,0.099326,0.57515,3.456911996551724,2.882087935990624
14.0,6.0,1.0998559482758623,0.0765395503793103,0.113282,0.552448,3.176004841379311,2.638895997968259
14.0,6.0,1.141242427586207,0.0951620746551724,0.159806,0.496195,2.3661170586206897,1.9624156891518145
15.0,6.0,0.6594171093103448,0.0021260590931034,0.003325,0.841366,6.1471645172413805,5.510275162126092
15.0,6.0,0.680019448275862,0.0027433699103448,0.004185,0.831025,6.064625810344827,5.412402527717327
15.0,6.0,0.709803196551724,0.0041303056206896,0.006116,0.815207,5.937320503448276,5.267059146125862
15.0,6.0,0.7302217379310345,0.0054437610793103,0.00793,0.804586,5.843279220689656,5.163568329452013
15.0,6.0,0.7696807262068965,0.0081142673103448,0.011436,0.78245,5.65277672413793,4.953609866981827
15.0,6.0,0.7907283779310346,0.0097678654034482,0.013546,0.771338,5.554158020689655,4.8457330122298234
15.0,6.0,0.8198122717241378,0.0131523061034482,0.018005,0.753574,5.379731793103449,4.6667042696550025
15.0,6.0,0.840522764137931,0.0159490857241379,0.021699,0.741667,5.26020985862069,4.546699453606508
15.0,6.0,0.8794396968965518,0.0217368919655172,0.029233,0.715899,5.003367248275862,4.29015655080541
15.0,6.0,0.8996285551724138,0.0257154135172413,0.034655,0.702624,4.856385737931035,4.150944348871217
15.0,6.0,0.940586276551724,0.0343622806206896,0.046494,0.673057,4.543045658620689,3.8550305604791313
15.0,6.0,0.9494915589655172,0.0368983544827586,0.050241,0.666344,4.445178662068966,3.7661258441818566
15.0,6.0,1.0094396951724138,0.0542066273793103,0.076779,0.615595,3.844697010344828,3.226744165935558
15.0,6.0,1.0491322517241382,0.0689647333103448,0.103671,0.572467,3.302676424137931,2.757918929238623
15.0,6.0,1.0601848827586209,0.0730213131724138,0.111508,0.562442,3.160657251724138,2.6356336216425342
15.0,6.0,1.1105210862068964,0.0967441832068965,0.179383,0.478314,2.0225781803448273,1.685522662114213
15.0,6.0,1.118276448275862,0.101297617275862,0.205027,0.464018,1.6978547931034482,1.4220905088655427
16.0,6.0,0.6497318734482759,0.002243155,0.003565,0.843993,6.031704706896552,5.405146506747697
16.0,6.0,0.6706093572413793,0.0031040194206896,0.004824,0.833059,5.945008144827586,5.305280749331463
16.0,6.0,0.7000589106896552,0.0044360972586206,0.006683,0.816532,5.8124313206896545,5.154075864942831
16.0,6.0,0.7201612089655173,0.0058213136827586,0.008634,0.805182,5.714005724137932,5.047004161182005
16.0,6.0,0.7601907517241379,0.0088734477827586,0.01275,0.782197,5.5108179034482765,4.826205476705647
16.0,6.0,0.7697688665517242,0.0096563158413793,0.013775,0.776095,5.456179868965519,4.767619086849892
16.0,6.0,0.8100860310344828,0.0139535267241379,0.019453,0.751427,5.2346127448275865,4.535887779498428
16.0,6.0,0.8298568,0.0172143043448275,0.023965,0.738401,5.097209544827586,4.402212276370017
16.0,6.0,0.8595870631034482,0.0217099666896551,0.029947,0.716928,4.896789527586206,4.202125167243925
16.0,6.0,0.8800492248275861,0.0264602848620689,0.036817,0.704487,4.729239313793103,4.0481014904223
16.0,6.0,0.9095800820689656,0.0323684754482758,0.044986,0.681229,4.499967437931034,3.827958954962975
16.0,6.0,0.929455941724138,0.0378920471034482,0.05342,0.665315,4.302458231034482,3.6500885420639118
16.0,6.0,0.9699162744827586,0.0492343309655172,0.071024,0.631592,3.9066553413793104,3.2914011299921553
16.0,6.0,0.9796258958620688,0.0533426937241379,0.078639,0.620825,3.7628277,3.170426318033911
16.0,6.0,1.030134175862069,0.0714305184827586,0.112485,0.566989,3.102612175862069,2.593571758621058
16.0,6.0,1.0690506310344827,0.0894199835862068,0.160008,0.502437,2.2800296220689655,1.8991551960686734
16.0,6.0,1.078292975862069,0.0939202939655172,0.174507,0.474756,1.9940422489655172,1.6536672145461029
17.0,6.0,0.650242014137931,0.0026395857068965,0.00421,0.84134,5.894875689655173,5.271033070872042
17.0,6.0,0.6698007062068966,0.0035768060689655,0.005592,0.830097,5.801285627586206,5.165965403566693
17.0,6.0,0.6998290972413793,0.0051622240689655,0.007831,0.81246,5.662874941379311,5.010025074231187
17.0,6.0,0.7197709231034483,0.0066190014724137,0.009884,0.800722,5.559093724137931,4.897691716134605
17.0,6.0,0.7500333820689654,0.0090938742655172,0.013266,0.78231,5.402267165517241,4.728389195792988
17.0,6.0,0.759879206551724,0.0104929912068965,0.015289,0.775999,5.334773475862068,4.661985545042852
17.0,6.0,0.7995316765517241,0.015435232,0.022106,0.750297,5.0865269310344825,4.408861873127291
17.0,6.0,0.8096571882758621,0.0166837815862068,0.023761,0.743786,5.024311968965518,4.344593050547781
17.0,6.0,0.8495227993103448,0.0241994891034482,0.03454,0.715094,4.722499986206896,4.055718825258165
17.0,6.0,0.860109074137931,0.025454715,0.036031,0.707147,4.663470010344827,3.9929992961007175
17.0,6.0,0.8994982503448276,0.0347458495517241,0.049743,0.676122,4.319195120689655,3.6720777132540983
17.0,6.0,0.90977172,0.0375481948275862,0.054082,0.667452,4.220000672413793,3.58197403488546
17.0,6.0,0.9392301855172414,0.0460860515172413,0.067681,0.640271,3.911398003448276,3.3024465638739375
17.0,6.0,0.9595093296551724,0.0529171634827586,0.079563,0.621152,3.6730123793103457,3.0931067114232578
17.0,6.0,0.989024708275862,0.0642170762413793,0.101362,0.587304,3.2584705172413786,2.734270735884179
17.0,6.0,1.009345033448276,0.0724130383793103,0.119137,0.559905,2.931883972413793,2.4534017333359284
17.0,6.0,1.0489948551724138,0.0917387388275862,0.178908,0.488783,1.9847164155172416,1.6596340197194621
18.0,6.0,0.6499073448275863,0.0032825645034482,0.005277,0.839184,5.766464820689655,5.148325174589879
18.0,6.0,0.6705823565517242,0.0041465792517241,0.006513,0.827243,5.675124075862069,5.043474658923839
18.0,6.0,0.6902031427586206,0.0055492781482758,0.008576,0.815122,5.572505868965518,4.932243100507391
18.0,6.0,0.7099455634482759,0.0067967595551724,0.010306,0.802817,5.469359279310344,4.818330020977908
18.0,6.0,0.7400202668965518,0.0096687489793103,0.014386,0.78356,5.297518203448277,4.637763390288573
18.0,6.0,0.7598790824137931,0.0120403308620689,0.017757,0.770335,5.172623865517242,4.510192763886563
18.0,6.0,0.7904356544827587,0.0160454408965517,0.023376,0.750505,4.978674417241379,4.31364733369411
18.0,6.0,0.8003982786206896,0.0173497199310344,0.025142,0.742847,4.9197888482758625,4.253075355224265
18.0,6.0,0.8299574603448276,0.0227070652068965,0.032844,0.720018,4.691178889655173,4.0313545540917985
18.0,6.0,0.8501831286206897,0.0271293473793103,0.039405,0.705117,4.527409434482759,3.8774096467428216
18.0,6.0,0.8800353482758619,0.0339056953793103,0.049464,0.680089,4.268127686206896,3.6325204169499163
18.0,6.0,0.8901284713793103,0.0370743962068965,0.054675,0.670755,4.159396175862069,3.5365820031140376
18.0,6.0,0.919557293448276,0.0456902758965517,0.068789,0.642842,3.8416119655172416,3.248478358697429
18.0,6.0,0.9393045510344828,0.0524801338275862,0.080818,0.621412,3.6015918896551726,3.036682984866284
18.0,6.0,0.9796000086206896,0.068145045,0.112774,0.574469,3.014852662068966,2.5292133096480462
18.0,6.0,1.0192562303448276,0.0862832308965517,0.161689,0.50009,2.1687856844827587,1.8076841022503454
18.0,6.0,1.0290217827586206,0.0916842157586207,0.182464,0.476146,1.8557368989655176,1.5458133532260798
19.0,6.0,0.6404695341379311,0.0031098712655172,0.005065,0.842884,5.706928524137931,5.096625731824259
19.0,6.0,0.6600564262068965,0.0041757808827586,0.006666,0.831022,5.608079013793104,4.98667411245175
19.0,6.0,0.6902017048275861,0.0061773005,0.009596,0.812056,5.44759272413793,4.81146268660498
19.0,6.0,0.7093942217241379,0.0078556692275862,0.012033,0.798706,5.336504889655172,4.693496603204914
19.0,6.0,0.7296527634482759,0.0099065130896551,0.01499,0.785224,5.220802734482758,4.572544107184814
19.0,6.0,0.7499886668965515,0.0124279118965517,0.018649,0.772431,5.087064141379311,4.436741784789822
19.0,6.0,0.7797696496551724,0.0168141523103448,0.02501,0.750836,4.88108745862069,4.231184193080653
19.0,6.0,0.7906102006896552,0.0181168359310344,0.026755,0.742976,4.820911093103449,4.16815691330207
19.0,6.0,0.8204650568965517,0.0239626859310344,0.035453,0.720076,4.5837575310344825,3.941135435459009
19.0,6.0,0.8303535386206897,0.0256565729655172,0.037869,0.71229,4.507575893103448,3.8660871401820964
19.0,6.0,0.8593941417241381,0.0330636096896551,0.049431,0.686894,4.230867151724138,3.6101180088894558
19.0,6.0,0.8797480886206896,0.0383531016896551,0.057875,0.66854,4.035807079310345,3.4304869443975305
19.0,6.0,0.909946295862069,0.0476734348275862,0.073733,0.638214,3.700529882758621,3.128659584524784
19.0,6.0,0.9199772072413794,0.0509683077586206,0.079613,0.627828,3.5834012448275865,3.0243823866655344
19.0,6.0,0.9496234658620692,0.0633827868275862,0.105732,0.589718,3.1164154275862064,2.6244288002607905
19.0,6.0,0.9584321613793104,0.0672362016551724,0.114684,0.578742,2.962642675862069,2.492545543244905
20.0,6.0,0.6402845631034483,0.0035791973655172,0.005861,0.841651,5.599329637931035,4.992901907103863
20.0,6.0,0.6603343768965517,0.0047900461137931,0.00769,0.828376,5.498945472413793,4.8818350637607955
20.0,6.0,0.6806910224137931,0.0061957984724137,0.009766,0.815773,5.388306,4.761475601470702
20.0,6.0,0.7005730006896552,0.0078361476586206,0.01216,0.802228,5.277896717241379,4.6432446602727655
20.0,6.0,0.7302348351724138,0.0109331278275862,0.016663,0.781365,5.093514179310345,4.451374504557341
20.0,6.0,0.7405992079310344,0.0127424564482758,0.019428,0.774655,5.017165041379311,4.377733223641728
20.0,6.0,0.7703162455172414,0.0167212416896551,0.025145,0.752048,4.817490375862069,4.174731940520336
20.0,6.0,0.7795970441379312,0.0186387194137931,0.028097,0.743904,4.7356497,4.097334529427396
20.0,6.0,0.8098181527586207,0.0243301798965517,0.036616,0.720235,4.499614172413793,3.8689265277106903
20.0,6.0,0.819893455862069,0.0265646270689655,0.040069,0.711051,4.412106072413793,3.7864936873507027
20.0,6.0,0.8490930975862069,0.0341374083103448,0.05225,0.684135,4.124992310344828,3.5215434261394707
20.0,6.0,0.8605469693103448,0.0368248467931034,0.056417,0.675164,4.0319043586206895,3.43372036369203
20.0,6.0,0.9002126679310344,0.0495933235172413,0.07898,0.632741,3.5660370896551727,3.016493085324568
20.0,6.0,0.9293710244827588,0.0613918399655172,0.103896,0.596298,3.116365831034483,2.6284237458817863
20.0,6.0,0.9501694375862068,0.0697413999655172,0.122639,0.566586,2.788266693103448,2.3426849923899273
20.0,6.0,0.9798696313793104,0.084534702275862,0.168517,0.512683,2.097251995172414,1.7604998617429797
20.0,6.0,0.9898508903448278,0.0885886623448275,0.177641,0.478136,1.8561981231034483,1.5427824281848541
21.0,6.0,0.6397303979310345,0.0042292881896551,0.006979,0.839211,5.503239379310346,4.902276946634398
21.0,6.0,0.6600368755172413,0.0054722284793103,0.008856,0.826332,5.393547203448277,4.782257537399668
21.0,6.0,0.6807967693103448,0.0071038366689655,0.011297,0.812305,5.281734075862069,4.661654301319201
21.0,6.0,0.7003834320689656,0.0088648952344827,0.013886,0.798501,5.163239468965518,4.535936145059847
21.0,6.0,0.7196091968965518,0.0111325338275862,0.017268,0.784621,5.032363755172414,4.4018606188994855
21.0,6.0,0.7400267268965518,0.0138027994827586,0.021211,0.769584,4.900049537931035,4.267247140993319
21.0,6.0,0.7603101662068965,0.0168587213103448,0.025748,0.753934,4.760168506896551,4.127771032326338
21.0,6.0,0.7698873944827587,0.0187329429655172,0.028643,0.745832,4.675240724137931,4.046342867099934
21.0,6.0,0.7992763296551725,0.0248049308275862,0.038057,0.720852,4.423197227586207,3.805824139148549
21.0,6.0,0.809448272413793,0.027240077137931,0.041965,0.711765,4.331206351724138,3.720363324981807
21.0,6.0,0.8396946289655174,0.0346755914827586,0.053963,0.683785,4.049333831034483,3.457464210252829
21.0,6.0,0.8491566031034483,0.037771323,0.059401,0.675079,3.936911096551724,3.356991910070741
21.0,6.0,0.8797525486206895,0.0473646170344827,0.076623,0.641102,3.582799817241379,3.038528389051938
21.0,6.0,0.8900342889655173,0.0503967660344827,0.081913,0.630094,3.4668275586206887,2.93156302108315
21.0,6.0,0.9205042068965515,0.0635122394482758,0.111268,0.591128,2.979147955172414,2.515786223718826
21.0,6.0,0.9301170331034482,0.0681794805517241,0.123619,0.573468,2.7752808241379308,2.3426414591682025
21.0,6.0,0.9599590951724136,0.0809788507931034,0.15756,0.516632,2.1896593448275863,1.8324474804470563
21.0,6.0,0.9692086348275862,0.0863861717931034,0.17902,0.493447,1.8866922896551728,1.5792086628633744
22.0,6.0,0.6198547748275861,0.0034359597517241,0.005809,0.850647,5.5213192241379305,4.933869429213929
22.0,6.0,0.6406307427586206,0.0046341429137931,0.007668,0.837679,5.413945327586207,4.815129130687241
22.0,6.0,0.6601672148275862,0.0059403479896551,0.009647,0.823062,5.306636079310346,4.698081921268577
22.0,6.0,0.6802027255172414,0.0078856216620689,0.01264,0.809449,5.1842889103448275,4.570168399404957
22.0,6.0,0.6896414958620689,0.0086791538862068,0.013803,0.802567,5.122807134482759,4.504833874923482
22.0,6.0,0.7096837527586207,0.0110637206896551,0.01741,0.787371,4.991465396551725,4.370036069648665
22.0,6.0,0.7300581217241381,0.013511665137931,0.021016,0.772486,4.860191455172414,4.234759821133186
22.0,6.0,0.7502224606896553,0.0170002043793103,0.026392,0.75657,4.7043720379310345,4.082699808792468
22.0,6.0,0.7700791486206896,0.0204558240689655,0.031649,0.739887,4.54904342413793,3.9303566734667665
22.0,6.0,0.7894553234482758,0.0247453630689655,0.038467,0.723015,4.3755762,3.766513348734816
22.0,6.0,0.8003517968965518,0.027023049137931,0.042016,0.713712,4.287882555172414,3.6825843170977848
22.0,6.0,0.8294578968965517,0.0348557581724137,0.055089,0.685141,3.986398951724138,3.40455559218
22.0,6.0,0.8408554606896551,0.0377136971724137,0.059713,0.674526,3.8868571413793105,3.3111858574959276
22.0,6.0,0.8692162106896552,0.0473741098620689,0.077484,0.638951,3.5174167999999995,2.980155310117752
22.0,6.0,0.8791558103448275,0.0514110005862068,0.085835,0.627492,3.3732748862068966,2.8562543286570627
22.0,6.0,0.9199224344827586,0.0690098906206896,0.127646,0.570143,2.68689581,2.2673004634190215
22.0,6.0,0.9390794944827586,0.0780540674827586,0.154978,0.528951,2.236230697586207,1.8801484739837973
22.0,6.0,0.9488404231034484,0.0828314307586206,0.17028,0.511961,2.024321000344828,1.6996709516653838
23.0,6.0,0.6201024344827587,0.003947252975862,0.006707,0.849503,5.44279285862069,4.858912046636413
23.0,6.0,0.6403443624137931,0.005140357475862,0.008552,0.835624,5.332984958620689,4.738065678965398
23.0,6.0,0.6604045941379311,0.0066872777068965,0.010926,0.82159,5.21713828275862,4.613225940700616
23.0,6.0,0.6702507548275862,0.0073595268068965,0.011902,0.813908,5.164039093103448,4.554737595277103
23.0,6.0,0.6902311579310344,0.0095708137241379,0.015312,0.798799,5.029568386206896,4.416496747692064
23.0,6.0,0.7102195362068966,0.0124233805517241,0.019767,0.784148,4.884482272413794,4.2718344831563435
23.0,6.0,0.7290756337931036,0.0150109481034482,0.02367,0.768427,4.74478894137931,4.130147493418224
23.0,6.0,0.7503314131034482,0.0186634628620689,0.029344,0.751187,4.586589344827586,3.9754115055437813
23.0,6.0,0.7596965879310345,0.0208018891034482,0.03285,0.742763,4.496991975862068,3.891759434833461
23.0,6.0,0.7797765144827586,0.0246117693103448,0.038731,0.724907,4.335361206896551,3.733858818818518
23.0,6.0,0.7990111651724137,0.0291727328620689,0.046102,0.705681,4.148885313793103,3.5574384351196304
23.0,6.0,0.8202412772413792,0.0354544248620689,0.057193,0.685898,3.924763106896552,3.3565451623272176
23.0,6.0,0.8305101931034482,0.0382202095862069,0.061841,0.675217,3.8221739758620688,3.2607383445476135
23.0,6.0,0.8601947586206897,0.0479006781724137,0.079676,0.640493,3.457534848275862,2.9311287383442406
23.0,6.0,0.8700882168965518,0.0521448226896551,0.088841,0.629069,3.3082029344827584,2.8041495182139853
23.0,6.0,0.8888096779310344,0.0607512471034482,0.10946,0.598152,2.955808213793103,2.5023644596786077
23.0,6.0,0.9001790989655172,0.0642476200689655,0.115938,0.583171,2.8281610413793103,2.384175497240158
23.0,6.0,0.9293460313793104,0.0795899361034482,0.164605,0.518846,2.0842197055172416,1.754096931969975
23.0,6.0,0.940719423448276,0.085609377275862,0.19018,0.491594,1.7519430324137932,1.4759403252936691
24.0,6.0,0.6199022037931035,0.004314975575862,0.007365,0.848296,5.367044620689655,4.786255417822417
24.0,6.0,0.6294720593103448,0.0048637145034482,0.008213,0.840842,5.311168162068966,4.724755434224647
24.0,6.0,0.6512163734482758,0.0063887548068965,0.010568,0.82647,5.199648520689656,4.602840954934287
24.0,6.0,0.6700559668965517,0.0082633928172413,0.013493,0.811494,5.069072268965517,4.466834483496599
24.0,6.0,0.690218278275862,0.0104400917931034,0.016832,0.796249,4.938487686206896,4.3313466761473585
24.0,6.0,0.7004809375862069,0.0120683788275862,0.019421,0.787856,4.865259848275863,4.259169125124989
24.0,6.0,0.7197822003448276,0.0148043244482758,0.023648,0.771823,4.717901448275862,4.111053827178251
24.0,6.0,0.7403268648275863,0.018276668137931,0.0291,0.755232,4.5578290310344824,3.953964905008926
24.0,6.0,0.7602193148275863,0.0221202098275862,0.035161,0.736976,4.394493420689655,3.795396171824
24.0,6.0,0.769648624137931,0.0243537957241379,0.038814,0.728054,4.3029485896551725,3.7089503760423987
24.0,6.0,0.7891950844827587,0.0291828741034482,0.046858,0.708335,4.110510955172413,3.5289163624662123
24.0,6.0,0.809696148275862,0.0348040981724138,0.056613,0.689077,3.8991450206896543,3.3348811134827097
24.0,6.0,0.8196081089655174,0.0375216813793103,0.061233,0.677344,3.7964374827586207,3.239063839219515
24.0,6.0,0.8400600737931034,0.0446519667241379,0.074935,0.654292,3.535821644827586,3.0081903710173683
24.0,6.0,0.8604404465517241,0.0517100525517241,0.088709,0.628241,3.274591520689656,2.773983010821599
24.0,6.0,0.8788554693103448,0.0606444674137931,0.110475,0.599302,2.91695595862069,2.469204885954028
24.0,6.0,0.8888866813793104,0.0646517191034482,0.120059,0.581461,2.7437750172413793,2.3164638551283736
24.0,6.0,0.9098256351724138,0.075332182137931,0.153818,0.540572,2.2530517827586207,1.9026594012413736
24.0,6.0,0.9195180972413792,0.0801398516206896,0.171027,0.526879,2.0367584648275865,1.7202813008264513
25.0,6.0,0.6195671110344827,0.0046566467034482,0.007979,0.846824,5.294837403448277,4.716723536429004
25.0,6.0,0.6303031875862068,0.0054787549793103,0.009298,0.839047,5.240347268965517,4.657636847513391
25.0,6.0,0.650119348275862,0.0068991361,0.011486,0.824461,5.119202668965517,4.526914613519518
25.0,6.0,0.6706156331034483,0.0089612830241379,0.014705,0.808848,4.989596824137932,4.391272083541964
25.0,6.0,0.6798807689655173,0.0102032989827586,0.016681,0.80135,4.918893079310346,4.3199538155826325
25.0,6.0,0.7003977924137931,0.0128722484827586,0.020839,0.784391,4.777651272413793,4.176361859588669
25.0,6.0,0.7201247086206897,0.0163467324482758,0.026446,0.767981,4.617770658620689,4.020938604888675
25.0,6.0,0.7297052613793104,0.017950656,0.02898,0.759037,4.537124444827587,3.941358374216665
25.0,6.0,0.7494810858620691,0.0214035885517241,0.034364,0.740777,4.376672762068965,3.782717031771593
25.0,6.0,0.7703143831034482,0.0260960638275862,0.042027,0.721731,4.196441858620689,3.6116637827072666
25.0,6.0,0.7803334996551724,0.0287793743793103,0.046643,0.711839,4.089464406896552,3.512880224924703
25.0,6.0,0.7991692193103449,0.0344071270344827,0.056691,0.690813,3.87069495862069,3.313577700383944
25.0,6.0,0.8101112668965518,0.0375693678620689,0.062305,0.679021,3.760429293103448,3.212766802188766
25.0,6.0,0.8399284737931034,0.0475278745172413,0.081406,0.643732,3.3841516137931036,2.874145898582841
25.0,6.0,0.8495361075862069,0.0509639717241379,0.088188,0.632205,3.256637972413793,2.759349585251064
25.0,6.0,0.86892051,0.060314652,0.110993,0.600576,2.8903924034482755,2.4474109002479416
25.0,6.0,0.8797135396551724,0.0653101254482758,0.12448,0.584088,2.687488312758621,2.274640266248892
25.0,6.0,0.899108192413793,0.0751304299310344,0.155926,0.539846,2.2092485286206895,1.866584761376984
25.0,6.0,0.908218288275862,0.0813047559999999,0.189247,0.514303,1.8133433475862064,1.5418081852625511
26.0,6.0,0.6207186820689655,0.0049795700206896,0.008539,0.845123,5.237272217241379,4.660008232148708
26.0,6.0,0.6306660306896552,0.0059080025448275,0.010065,0.837408,5.172448965517241,4.592519218984105
26.0,6.0,0.6501763517241379,0.0074996429241379,0.012554,0.822078,5.046524165517241,4.45825624696289
26.0,6.0,0.659305875862069,0.0084550564827586,0.014056,0.814161,4.980084331034482,4.3889428243646265
26.0,6.0,0.6802024527586207,0.0110954516896551,0.018281,0.797769,4.838383110344827,4.245352220436518
26.0,6.0,0.6993707134482758,0.014085018137931,0.023086,0.781103,4.686011644827587,4.09393305192715
26.0,6.0,0.7098019951724137,0.0156510686896551,0.02555,0.771831,4.610235396551724,4.017946951428573
26.0,6.0,0.7301112113793103,0.0191159013103448,0.031084,0.754386,4.45058838275862,3.8609524724351374
26.0,6.0,0.7496590703448275,0.0235140203793103,0.03841,0.735815,4.264570362068965,3.684341934278757
26.0,6.0,0.7602294627586207,0.0258732688275862,0.042338,0.725602,4.1708266758620685,3.595372123153713
26.0,6.0,0.7805888534482758,0.0310721144137931,0.051271,0.704721,3.969546331034483,3.4076008691077173
26.0,6.0,0.7900318386206897,0.033934229275862,0.0564,0.694131,3.858782968965517,3.3059995930782167
26.0,6.0,0.8103283151724137,0.0399561235517241,0.067417,0.670719,3.6301554413793102,3.097056180466409
26.0,6.0,0.829805102413793,0.0472426194827586,0.082181,0.643929,3.3493969,2.8479024870393634
26.0,6.0,0.8404031648275863,0.0513041020689655,0.090687,0.632164,3.209362375862069,2.724791498708538
26.0,6.0,0.8703042544827586,0.064471505137931,0.122879,0.58291,2.6793789200000004,2.2653070445193997
26.0,6.0,0.8908614368965516,0.0759718505517241,0.164193,0.542309,2.132799914827586,1.810191040148076
26.0,6.0,0.8998664603448278,0.0800479192413793,0.176901,0.500104,1.8441374637931032,1.551698784053548
27.0,6.0,0.6007181713793103,0.0040920829068965,0.007196,0.858758,5.287025155172414,4.723129501996562
27.0,6.0,0.6197338937931034,0.0054119569793103,0.009336,0.843418,5.171613034482759,4.5983428219020945
27.0,6.0,0.630340114137931,0.0062055298413793,0.010603,0.835741,5.106732520689656,4.528896000239064
27.0,6.0,0.6504641751724137,0.0083291727689655,0.01405,0.82005,4.973440275862068,4.390773499681535
27.0,6.0,0.6589793396551724,0.009384949975862,0.015761,0.811834,4.902691520689656,4.3187977370204
27.0,6.0,0.6803482103448276,0.0119808150344827,0.019876,0.795098,4.7629002413793105,4.175190616317513
27.0,6.0,0.6901198410344828,0.0133024205172413,0.021958,0.786341,4.6925081103448285,4.103612941935554
27.0,6.0,0.7100098668965517,0.0167927190344827,0.027675,0.768889,4.522911524137931,3.9379687802248653
27.0,6.0,0.7300634113793103,0.0204854951034482,0.033647,0.749807,4.354969196551724,3.7734545115521914
27.0,6.0,0.7404674306896551,0.0230025204137931,0.037964,0.740151,4.257885006896552,3.6830596539065463
27.0,6.0,0.7604498620689655,0.0274490761724137,0.045412,0.720165,4.0696667,3.5033362455008312
27.0,6.0,0.7701616513793104,0.0304000175172413,0.050782,0.709267,3.957464820689654,3.4016883390232637
27.0,6.0,0.7906868337931034,0.0364945140344827,0.061911,0.687332,3.731320272413793,3.1949488116272464
27.0,6.0,0.8005643096551726,0.0391758906206896,0.066613,0.675108,3.626215227586207,3.0961325101090797
27.0,6.0,0.8198917203448276,0.0467160953793103,0.082211,0.650384,3.34666945862069,2.8502516550066774
27.0,6.0,0.829854031724138,0.0505559213448275,0.090353,0.635215,3.1987462,2.7187970491327618
27.0,6.0,0.848474448965517,0.0590701858275862,0.111607,0.602735,2.8425189137931035,2.4112529480549116
27.0,6.0,0.8591492796551725,0.0636451640689655,0.123011,0.585275,2.6578537920689658,2.2492037380652734
27.0,6.0,0.8799386072413792,0.0739920333103448,0.155391,0.543025,2.1897510793103447,1.8498432728734007
27.0,6.0,0.8882851255172415,0.0803180540689655,0.198347,0.514731,1.7010759379310345,1.452177753009511
28.0,6.0,0.5993403724137931,0.0043235350793103,0.007635,0.857384,5.230744234482758,4.669508606162906
28.0,6.0,0.6197731089655173,0.005614921437931,0.009699,0.842126,5.111489296551724,4.539239289148723
28.0,6.0,0.629933395862069,0.006741281537931,0.011587,0.834048,5.042225296551725,4.468510928737506
28.0,6.0,0.6495482586206897,0.0087324431793103,0.014796,0.818054,4.908615903448276,4.329101101962885
28.0,6.0,0.6597841510344828,0.0099158105482758,0.016694,0.80907,4.840795362068965,4.2590766602830294
28.0,6.0,0.6798635203448277,0.0126125017241379,0.021039,0.792,4.694646593103449,4.111089472528487
28.0,6.0,0.6900031413793103,0.0144303767586206,0.024069,0.782881,4.608697224137931,4.027587610450645
28.0,6.0,0.7103569648275863,0.0176440198620689,0.029214,0.764423,4.450691975862069,3.869815776490954
28.0,6.0,0.719665154137931,0.0196108364137931,0.03249,0.754751,4.360157148275862,3.7825442622697127
28.0,6.0,0.7400288034482759,0.0243705168620689,0.040651,0.735233,4.16757995862069,3.601220654683474
28.0,6.0,0.750168328275862,0.0266874118620689,0.044609,0.724682,4.070782917241379,3.5093575534800436
28.0,6.0,0.7702783182758619,0.0323596024137931,0.054819,0.703115,3.854220286206896,3.309944458453267
28.0,6.0,0.7795091355172412,0.0349745340344827,0.059502,0.691737,3.7470133275862074,3.2097862405007564
28.0,6.0,0.7896888927586206,0.0383204341724137,0.06598,0.678305,3.61887655862069,3.09458232335448
28.0,6.0,0.8093470793103449,0.0454699616206896,0.080415,0.653862,3.3534536241379316,2.8575529394958914
28.0,6.0,0.8185846379310345,0.0495064698275862,0.089598,0.638535,3.19012985862069,2.7151212932737323
28.0,6.0,0.8394976520689654,0.0585713645517241,0.111859,0.609248,2.846996562068966,2.4195158996058272
28.0,6.0,0.8497078120689655,0.0629152684827586,0.122941,0.587493,2.6554455348275865,2.250784907269992
28.0,6.0,0.8710109110344828,0.0731611670689655,0.15439,0.546036,2.2000865555172417,1.8602000859099401
28.0,6.0,0.8790167879310345,0.0778418160344827,0.1737,0.521439,1.918353814137931,1.6194970900916565
29.0,6.0,0.6001625662068966,0.0046509518,0.008234,0.856345,5.173800586206896,4.614384557591384
29.0,6.0,0.6205335303448276,0.0063930788793103,0.011132,0.840707,5.044675320689655,4.4779823085143855
29.0,6.0,0.6294968155172415,0.0072363591068965,0.012503,0.832245,4.983003355172414,4.4129285179591555
29.0,6.0,0.6498559362068965,0.0094915700689655,0.0162,0.815512,4.845058924137931,4.27079832368042
29.0,6.0,0.6591447217241378,0.0105037887241379,0.017791,0.807001,4.773441051724138,4.196057876365588
29.0,6.0,0.6805087644827587,0.0135450205517241,0.022751,0.789208,4.620260431034483,4.042063883806211
29.0,6.0,0.6894737941379311,0.0152997526206896,0.025715,0.779868,4.5332175,3.9578620348552076
29.0,6.0,0.6994148324137931,0.0171151197586206,0.028739,0.770412,4.451124131034483,3.877803301797815
29.0,6.0,0.7205931820689656,0.021256341,0.035688,0.751151,4.272294413793103,3.7049768519260424
29.0,6.0,0.730142505862069,0.0232181356896551,0.038944,0.741139,4.181815472413793,3.616950227899994
29.0,6.0,0.7493873699999999,0.0285356660689655,0.048566,0.719946,3.9673162551724137,3.4193874211053465
29.0,6.0,0.7586083931034483,0.0308458005172413,0.052575,0.708199,3.8706774,3.327531759314886
29.0,6.0,0.7798329872413794,0.037053826137931,0.064026,0.683669,3.637248665517241,3.1127162296164235
29.0,6.0,0.7905058658620688,0.0404693896551724,0.070525,0.673304,3.517871741379311,3.0041470039304667
29.0,6.0,0.8008177037931035,0.0443310773448275,0.078591,0.658241,3.3718424,2.875116984921013
29.0,6.0,0.8197776906896552,0.0522078477931034,0.096471,0.629058,3.059559975862069,2.60137707071776
29.0,6.0,0.8293648703448276,0.0564557767241379,0.106524,0.612638,2.8926636172413795,2.4548337941495557
29.0,6.0,0.8399185568965518,0.0611158878275862,0.11826,0.594605,2.7065269113793105,2.2925183666945914
29.0,6.0,0.8616009689655173,0.0722305724827586,0.153723,0.548741,2.2021857089655175,1.863940478790157
29.0,6.0,0.8698557231034483,0.0769232011034482,0.171662,0.523957,1.941849585172414,1.6405531361342036
30.0,6.0,0.6001658113793104,0.0049995936689655,0.00888,0.854896,5.129282286206896,4.572113170477315
30.0,6.0,0.6200513196551725,0.0067164156068965,0.011734,0.838944,4.993861893103448,4.4294784278382
30.0,6.0,0.6303666327586206,0.0076392201689655,0.013223,0.830481,4.92645925862069,4.357935644040949
30.0,6.0,0.6501816368965517,0.0097612896896551,0.016651,0.813348,4.790734837931034,4.216507771087653
30.0,6.0,0.6599124431034483,0.0114456191724137,0.019542,0.805017,4.702780482758621,4.13130500695286
30.0,6.0,0.6690989158620689,0.0127928117931034,0.021743,0.795104,4.629687355172413,4.057412223964379
30.0,6.0,0.68968383,0.015986493137931,0.026998,0.776313,4.469292431034483,3.8977490754681954
30.0,6.0,0.6999298679310345,0.0180414790689655,0.030488,0.766628,4.378910331034483,3.810687155727985
30.0,6.0,0.7101521596551723,0.0200057438275862,0.033744,0.756835,4.291870403448275,3.7254356530430544
30.0,6.0,0.729045665862069,0.0243632003103448,0.041291,0.737194,4.101131179310345,3.544143162311981
30.0,6.0,0.7398625051724139,0.0266403942413793,0.045111,0.725566,4.005023,3.451187641190241
30.0,6.0,0.7602120003448275,0.0333683136206896,0.05795,0.70279,3.759630306896552,3.231297943664408
30.0,6.0,0.770013938275862,0.0365312576896551,0.064099,0.690943,3.638565244827586,3.1215175312346406
30.0,6.0,0.7798029148275862,0.0390972288965517,0.068741,0.677904,3.531914596551724,3.020826870275951
30.0,6.0,0.799172182413793,0.0469227009655172,0.085706,0.648575,3.229947827586207,2.754810771256911
30.0,6.0,0.8108392813793104,0.0513418715517241,0.095423,0.635162,3.077503679310345,2.6202913615920798
30.0,6.0,0.8395556048275862,0.0645363690344827,0.130351,0.581152,2.5175560527586205,2.133508241710113
30.0,6.0,0.8599507793103449,0.0751975282413793,0.167656,0.53315,1.9980169406896553,1.6905380514927282
30.0,6.0,0.8596865206896551,0.0758993837241379,0.173486,0.534569,1.9584696410344828,1.662956302897782
31.0,6.0,0.5999170110344828,0.0052054767034482,0.009267,0.854097,5.074885958620689,4.51925878786293
31.0,6.0,0.6199633486206897,0.0073305408068965,0.012886,0.83698,4.9378736517241375,4.377755611794552
31.0,6.0,0.6299171779310345,0.0081376914965517,0.01417,0.828835,4.8703326,4.305860673579577
31.0,6.0,0.649746371724138,0.0103794507586206,0.017825,0.809722,4.734099762068966,4.164620920493499
31.0,6.0,0.6516251048275862,0.0107047515517241,0.018396,0.81108,4.724516834482758,4.155808502567135
31.0,6.0,0.670121431724138,0.0136104737586206,0.02327,0.792897,4.566825779310346,3.9990976931622626
31.0,6.0,0.6800670179310345,0.0152082943103448,0.025902,0.782692,4.486621382758621,3.918904644030006
31.0,6.0,0.6991874051724137,0.0189552245172413,0.032314,0.76343,4.307047286206896,3.7452815091329814
31.0,6.0,0.709178731724138,0.0214012908620689,0.036666,0.754055,4.205020544827587,3.649719968065956
31.0,6.0,0.7196536686206896,0.0236815524827586,0.040611,0.742755,4.112655041379311,3.561406959572604
31.0,6.0,0.7394797213793103,0.028349584275862,0.048725,0.719833,3.9136463758620694,3.371201625909988
31.0,6.0,0.750202624137931,0.031315094137931,0.054239,0.708484,3.799309096551724,3.2661554141486264
31.0,6.0,0.7596005224137932,0.0350193765517241,0.061722,0.695912,3.667977703448276,3.1509265821916355
31.0,6.0,0.7801126855172413,0.0413275891034482,0.073889,0.669846,3.4213906206896554,2.9237678569357977
31.0,6.0,0.7900254982758621,0.0452025313103448,0.082214,0.657444,3.2809897758620687,2.7999292313608075
31.0,6.0,0.7997969931034482,0.0493298539310344,0.091596,0.643471,3.126782648275862,2.664885731675492
31.0,6.0,0.8195963168965517,0.0585373187586207,0.115392,0.608977,2.755877411034483,2.344710470764686
31.0,6.0,0.8299859755172415,0.0627005890689655,0.126016,0.589029,2.572785437931034,2.1816722694305524
31.0,6.0,0.8497298637931034,0.0731430396551724,0.161511,0.541326,2.072069126551724,1.7543201766227916
31.0,6.0,0.8600998665517241,0.0793094988275862,0.188872,0.515359,1.7464960341379308,1.4804764226519747
32.0,6.0,0.6006349658620689,0.0055566627206896,0.009914,0.85275,5.029359020689656,4.475388733640542
32.0,6.0,0.6202247234482758,0.0075225608655172,0.013235,0.835809,4.890129886206896,4.330746324902882
32.0,6.0,0.630319501724138,0.0087329267137931,0.015279,0.826464,4.819562134482759,4.258564725840916
32.0,6.0,0.6499383806896551,0.0112639244137931,0.01951,0.808727,4.667224075862069,4.10381096757173
32.0,6.0,0.6498117744827586,0.0111674413448275,0.019323,0.808118,4.671861948275861,4.107745848075187
32.0,6.0,0.6700583924137932,0.0143442301724137,0.024676,0.790308,4.504944251724138,3.9417915364535405
32.0,6.0,0.6802387555172414,0.0160841051034482,0.027621,0.780088,4.424546048275863,3.86285000366892
32.0,6.0,0.6995836934482759,0.0203282125517241,0.035055,0.759573,4.232490189655173,3.6793580645184267
32.0,6.0,0.7104793275862069,0.022056224137931,0.037772,0.749459,4.153160824137931,3.5986598172841626
32.0,6.0,0.7203588127586208,0.0247779535517241,0.04277,0.738601,4.042862555172414,3.497079477433017
32.0,6.0,0.72983105,0.0275764029655172,0.047938,0.726879,3.9308959724137926,3.393582637016663
32.0,6.0,0.7501551031034482,0.0329872804827586,0.057814,0.702499,3.7117812758620694,3.188162332192726
32.0,6.0,0.7594928017241379,0.0363945719655172,0.064648,0.690539,3.5836688206896556,3.0734082418088056
32.0,6.0,0.7697657627586206,0.0399415559310344,0.071848,0.675237,3.448403696551724,2.9516381672623075
32.0,6.0,0.7895540082758621,0.0477503569655172,0.08918,0.647718,3.1497435586206897,2.688026506789561
32.0,6.0,0.7997983368965517,0.0519490045172413,0.099166,0.633004,2.989066165517242,2.5472745550714686
32.0,6.0,0.8101380410344827,0.0561523314827586,0.109236,0.614682,2.8197478213793103,2.3970536369550435
32.0,6.0,0.8207068548275862,0.0613576210689655,0.124011,0.596897,2.606822323103448,2.2148410094790805
32.0,6.0,0.8408443958620689,0.0716551818620689,0.155954,0.551487,2.1527401386206897,1.8232074299472738
33.0,6.0,0.6001092648275862,0.0058656175034482,0.010509,0.851335,4.983758572413794,4.4324966551085625
33.0,6.0,0.6200658193103449,0.0079550164172413,0.014055,0.833703,4.842483579310344,4.286033447580541
33.0,6.0,0.6294507562068965,0.0089103748310344,0.015623,0.82568,4.769922437931034,4.210377005089316
33.0,6.0,0.6402168337931035,0.0103098201724137,0.017981,0.815707,4.694886075862069,4.1341521832917305
33.0,6.0,0.6499731082758621,0.0117041680344827,0.020332,0.806011,4.615955741379311,4.054824274413971
33.0,6.0,0.6701739220689655,0.0152990555862068,0.026528,0.787099,4.442562906896551,3.8852866819957215
33.0,6.0,0.6794069793103449,0.0167782429310344,0.02897,0.777446,4.362618868965517,3.8050408702188996
33.0,6.0,0.6897608486206896,0.0187897902068965,0.032465,0.767109,4.268437824137931,3.714161431520995
33.0,6.0,0.699990264137931,0.0210343213448275,0.036387,0.756315,4.175934058620689,3.625673221391572
33.0,6.0,0.7203149441379312,0.0263357965862069,0.046038,0.734016,3.959858106896552,3.423692398275231
33.0,6.0,0.7296390713793103,0.0288222677931034,0.050644,0.722145,3.858415610344828,3.3292124805716083
33.0,6.0,0.7404566862068966,0.0317276019310344,0.055949,0.71024,3.7454568379310342,3.2230477321794284
33.0,6.0,0.7601347462068966,0.0382176153103448,0.068809,0.684956,3.496650510344828,2.9970302949705108
33.0,6.0,0.769983004137931,0.0423026646896551,0.077878,0.670692,3.3434808482758624,2.863362547408164
33.0,6.0,0.7795923551724138,0.0454310774482758,0.084119,0.655753,3.213943782758621,2.7431435146087466
33.0,6.0,0.7903329213793104,0.0504891973103448,0.096815,0.639698,3.0267688896551723,2.5841936983365095
33.0,6.0,0.8092967672413792,0.058240149,0.11576,0.605493,2.699535186551724,2.2926103460469274
33.0,6.0,0.8186232079310346,0.063918645,0.13427,0.585641,2.453362160689655,2.086459593743192
33.0,6.0,0.8302653258620689,0.0693875516206896,0.15095,0.55868,2.2047107344827586,1.869237412858632
33.0,6.0,0.8406218575862069,0.0755123458620689,0.178402,0.532051,1.872769226206897,1.5914253840719588
34.0,6.0,0.5995747782758621,0.0063029546689655,0.011359,0.85009,4.933839486206896,4.386367537411887
34.0,6.0,0.6195219962068965,0.0082978744896551,0.01472,0.832447,4.794354520689655,4.240608272527758
34.0,6.0,0.6301548234482759,0.0096185001827586,0.016965,0.823405,4.718075027586208,4.162794997800548
34.0,6.0,0.6398756537931034,0.0110881743448275,0.019501,0.813689,4.637115610344828,4.082147485900656
34.0,6.0,0.6499335734482758,0.012256866137931,0.021395,0.804516,4.563159368965517,4.005509843955404
34.0,6.0,0.6704497348275862,0.0157095428275862,0.027308,0.783778,4.396978751724138,3.841749558266165
34.0,6.0,0.6801705779310345,0.0176119932413793,0.030568,0.773773,4.30423291724138,3.7508362532106956
34.0,6.0,0.6888572489655171,0.0199814946206896,0.034928,0.763537,4.200833003448276,3.654925961792092
34.0,6.0,0.7003381048275862,0.0220524793793103,0.038399,0.751747,4.1138618793103445,3.5688985813608203
34.0,6.0,0.7196797679310344,0.0272449626896551,0.048032,0.730039,3.895590748275862,3.3656853819642487
34.0,6.0,0.7292337848275862,0.0302644503103448,0.053925,0.718214,3.7756428448275856,3.2565490576538867
34.0,6.0,0.7397312489655172,0.0339106094482758,0.061347,0.704535,3.643983879310345,3.1393485806426695
34.0,6.0,0.7496941479310345,0.0370398127931034,0.067554,0.691812,3.5218645448275865,3.0271055036421326
34.0,6.0,0.7609502896551723,0.0402928017241379,0.073896,0.678014,3.3968657275862073,2.9110297745040854
34.0,6.0,0.7789929527586208,0.0476439993793103,0.090421,0.647511,3.098457596551724,2.645124823752792
34.0,6.0,0.7901025627586208,0.051951319275862,0.100417,0.632527,2.940020296551724,2.504797444650402
34.0,6.0,0.7997980806896553,0.0562377236206896,0.111379,0.612556,2.759027694482759,2.345913846912966
34.0,6.0,0.8096836510344828,0.0616482873103448,0.127647,0.596152,2.5408053910344828,2.161256586192176
34.0,6.0,0.829130828275862,0.0719804733448275,0.164098,0.542349,2.0134972296551727,1.707573861995923
34.0,6.0,0.8397898272413793,0.0784487808965517,0.198341,0.51081,1.6221722658620688,1.3802247055561239
