lr,la,T*,P*,rhol*,rhos*
7.0,6.0,0.819992478,1.05843999,0.9410588789145208,1.0076123089558884
7.0,6.0,0.861033380375,1.7264289575,0.9557663808813248,1.0196871756418062
7.0,6.0,0.89398276325,2.2709742537499995,0.9675758395742876,1.0331503329008889
7.0,6.0,0.930008015125,2.8926755875,0.9779724371460344,1.0454526585476074
7.0,6.0,1.03698029875,4.84824202875,1.0118667018435918,1.0664861797099845
7.0,6.0,1.0999881687500002,6.0797508775,1.030573340920888,1.0802603029473563
7.0,6.0,1.1690401512500002,7.477483868749999,1.050166002265149,1.1008128287871188
7.0,6.0,1.2000733875,8.10095019375,1.0579059316516088,1.1121424232022752
7.0,6.0,1.2489271250000002,9.1691184425,1.0712882223753333,1.1288981305434604
7.0,6.0,1.28206417625,9.897651553750002,1.0803898905445126,1.1330516943373392
7.0,6.0,1.3729606075,11.970031325,1.103333356513729,1.1494469712740534
7.0,6.0,1.439938185,13.592118375,1.1200183523196006,1.1658556384133416
7.0,6.0,1.4519563537499998,13.82074255,1.1221201538901924,1.1779787453687038
7.0,6.0,1.94702983375,27.1123981375,1.2308379576709152,1.2761066588297112
8.0,6.0,0.78600541025,0.9057058095,0.909287203258019,0.977789572012884
8.0,6.0,0.820005002375,1.39898845125,0.9198696968851712,0.985854814368614
8.0,6.0,0.85596962775,1.94894490875,0.9320396847973832,1.0019115426139709
8.0,6.0,0.8880084505,2.45562688625,0.9411980965948232,1.0136721292430668
8.0,6.0,0.8960244640000001,2.5832624887499995,0.944216719796431,1.0014552638047434
8.0,6.0,0.922009394375,2.9909529537500004,0.9514783245460188,1.0222824092060665
8.0,6.0,0.959033130875,3.63256893125,0.9628804501241388,1.0170501338561857
8.0,6.0,1.0279856525,4.781235505000001,0.9802474789724892,1.0404578628427663
8.0,6.0,1.0610082475,5.33566141625,0.9911316167122228,1.0540506894263053
8.0,6.0,1.0889635675,5.8690142125,0.9961113582690858,1.0536412366242591
8.0,6.0,1.1510686312500005,7.018357303749999,1.012564800687515,1.0717949223290062
8.0,6.0,1.2439432150000005,8.82044130375,1.0343556862294974,1.0913385989513795
8.0,6.0,1.3269493325,10.5099803375,1.0538594187181,1.108901037661727
8.0,6.0,1.39106966625,11.8635913,1.0675096982158063,1.1181362310109952
8.0,6.0,1.481052,13.801307825,1.086796447273071,1.1397549204386688
8.0,6.0,1.5989710512500002,16.5021978625,1.1108833478243196,1.1561530080925917
8.0,6.0,1.6620133325,17.964213675,1.1230382712793925,1.1716212328434834
8.0,6.0,1.70610017375,19.024808712499997,1.1320230713312638,1.1866219750247995
8.0,6.0,1.7950611525000002,21.192528025,1.1479707223480056,1.1965022955567957
8.0,6.0,1.96194507125,25.5452718,1.1789354033783075,1.2226619147586502
8.0,6.0,2.3140446375000003,35.090738625,1.2360615532604513,1.281432758763949
9.0,6.0,0.79592929525,1.21788713125,0.8983174598718936,0.9719748183844782
9.0,6.0,0.8239788425,1.612027555,0.9070859831229684,0.9836017287059182
9.0,6.0,0.8619911771250001,2.15057835125,0.917856087275414,0.9906596158275428
9.0,6.0,0.90990754275,2.8737353075,0.931169642080262,1.0033939576619326
9.0,6.0,0.911988894125,2.90400914625,0.9310238563066175,0.9994716794495236
9.0,6.0,0.959034537875,3.65459076625,0.9452078651844216,1.0173545087682752
9.0,6.0,0.9669368005,3.737692428749999,0.9449312839268048,1.0121786083301836
9.0,6.0,1.038974875,4.9165094925,0.9631851356450368,1.028951790729701
9.0,6.0,1.12901549625,6.425569488750001,0.9831143108567858,1.0479010210783382
9.0,6.0,1.1988820975,7.6783201775,0.9990124187466656,1.0641312402103562
9.0,6.0,1.22404299375,8.1378761025,1.004054239152591,1.068085772266469
9.0,6.0,1.27003207,8.98599002125,1.014390867448893,1.0765945286378469
9.0,6.0,1.29492356,9.451159157500005,1.020162411280968,1.0817965276915882
9.0,6.0,1.38696676125,11.227956937499998,1.0374675262065292,1.09988802440776
9.0,6.0,1.4529440175,12.5342649375,1.050493039063802,1.1119931853760718
9.0,6.0,1.5159625525000002,13.81401315,1.061870412996054,1.1200661365215263
9.0,6.0,1.61905095,15.967817075,1.0799760976446744,1.1335715237424555
9.0,6.0,1.67400853375,17.1687847625,1.0896380916158934,1.1437363706660002
9.0,6.0,1.7961448112499998,19.865599600000003,1.1097263875441032,1.1631775741911172
9.0,6.0,1.956966195,23.5721610875,1.135287655677881,1.1889923688388528
9.0,6.0,2.0690155575,26.260646325000003,1.152561583260589,1.2040784202537425
9.0,6.0,2.16506431625,28.6107866625,1.166675951031197,1.2181713614148288
9.0,6.0,2.25613642,30.901182499999997,1.1788174503527926,1.2368333852397826
9.0,6.0,2.3209945887499996,32.548402812499994,1.1883069425485415,1.2385869279585529
9.0,6.0,2.44406828875,35.74629977499999,1.2049143549568917,1.2584899007772854
10.0,6.0,0.766006572,0.8999187878749999,0.87976802711553,0.9547207560786248
10.0,6.0,0.79300097525,1.24764610625,0.8870526304483951,0.9671296546820694
10.0,6.0,0.8400113048750001,1.87703635875,0.8997444221208685,0.9779929359394964
10.0,6.0,0.854992995,2.09391254,0.9039198784418554,0.9780870438003466
10.0,6.0,0.8760124065,2.4041439962499997,0.9095637291639784,0.9950208953248068
10.0,6.0,0.907051263125,2.8142709975,0.9165100530696076,0.992065456889504
10.0,6.0,0.9180349345,3.00914760625,0.9205639984876416,1.0015393027778938
10.0,6.0,0.989020644,4.0606466375,0.9378564691903266,1.0155511183346788
10.0,6.0,0.997983622375,4.181024141250001,0.9386514566707496,1.0111145129170984
10.0,6.0,1.06399420375,5.20567416125,0.9529513248739174,1.023519421886005
10.0,6.0,1.1450312625,6.52233877875,0.970195978208397,1.0424888809698012
10.0,6.0,1.2380301800000002,8.09058721875,0.988081482900545,1.0585137861734208
10.0,6.0,1.2589727737499998,8.46001301375,0.9936311089727798,1.0613431192026024
10.0,6.0,1.349068885,10.03434542375,1.0086690252037225,1.072709672057167
10.0,6.0,1.4348907875,11.596189550000004,1.0237067854949011,1.0897219792899686
10.0,6.0,1.4949802875,12.728102725,1.0329272666968912,1.094347208550818
10.0,6.0,1.560954845,14.043762974999998,1.046501058368646,1.109221763372812
10.0,6.0,1.5629972475,14.032763137499998,1.0449797174738673,1.1061425919841166
10.0,6.0,1.6679959475,16.122586899999998,1.0610714917950628,1.122911079584198
10.0,6.0,1.82495801,19.329438999999997,1.0845995665867705,1.140362264607173
10.0,6.0,1.975068695,22.551603075,1.1058976901685351,1.161818613048083
10.0,6.0,2.071877795,24.6482295875,1.118431848855677,1.1754310923755509
10.0,6.0,2.1948756512500003,27.410544012499997,1.134906430206155,1.1910472958627956
10.0,6.0,2.32207226,30.383943625,1.1514508480928085,1.2104867911092232
10.0,6.0,2.58682211375,36.7280604,1.181990918520912,1.235759297702401
10.0,6.0,2.7128488175000003,39.9268945,1.1965746301592168,1.247550094683595
10.0,6.0,2.89397637875,44.518182275,1.2160898921933447,1.2682380539226652
10.0,6.0,3.08004357125,49.3589403,1.234873939695296,1.287530638180475
11.0,6.0,0.765010212375,0.962519560125,0.8740930821260602,0.9523215968500204
11.0,6.0,0.799991926375,1.36928734625,0.8819483743605477,0.9686745421506628
11.0,6.0,0.8339812251250001,1.79773253375,0.8901957955608826,0.9780526786707748
11.0,6.0,0.853983526625,2.0716403124999996,0.8948436150433441,0.9742015668818986
11.0,6.0,0.880017826125,2.4246155150000006,0.9015258732506216,0.9857923388589216
11.0,6.0,0.91902793175,2.9695700162499996,0.9104016031977183,0.9871873670813952
11.0,6.0,0.93795327925,3.23830693,0.9145188897964828,1.000054405935466
11.0,6.0,0.983939703,3.89632001125,0.9245016238001256,1.0049439182149502
11.0,6.0,1.00496310225,4.230429486250001,0.9294495193502524,1.0153942237126286
11.0,6.0,1.07107229875,5.179239325,0.9419945497154416,1.022521374421221
11.0,6.0,1.11099744,5.795581265,0.9500379257194916,1.028158685816046
11.0,6.0,1.1790075175,6.8986705225,0.9627362288430238,1.0423328955099485
11.0,6.0,1.18403326875,6.9579930674999995,0.9639594826941652,1.0407699672462738
11.0,6.0,1.2650230274999998,8.26559149875,0.9790460851515588,1.0528016463119592
11.0,6.0,1.3089811662500002,8.990985798749998,0.9861201608537868,1.057262975120318
11.0,6.0,1.3670195925,9.98805193875,0.9947267989096428,1.068537261965643
11.0,6.0,1.4221272525,10.954579125,1.0048347238230353,1.0764822248049783
11.0,6.0,1.4729096125,11.8274858875,1.013221800942156,1.083795272893622
11.0,6.0,1.51496451875,12.6230019375,1.0174138575120228,1.0921719409309985
11.0,6.0,1.6389410512499998,14.8287738875,1.036234645109286,1.100456313247535
11.0,6.0,1.7630288899999995,17.174186875,1.0538505230637607,1.120807177535453
11.0,6.0,1.7719734975,17.3485670875,1.0543354806998535,1.1194290451420623
11.0,6.0,1.88698733875,19.63299005,1.0703789444934455,1.1368244117091322
11.0,6.0,1.9070996175,20.01833605,1.072376235637031,1.136171268953489
11.0,6.0,2.05007795625,22.8825806875,1.0897120480471414,1.1535341828615724
11.0,6.0,2.05110576625,22.874392200000003,1.090750139531054,1.1548428176531906
11.0,6.0,2.1968812925,25.9743202125,1.107320873734014,1.167451073503346
11.0,6.0,2.4030993749999996,30.3978312,1.130650688953192,1.1916182568162603
11.0,6.0,2.55504548625,33.785293387500005,1.1458999636730394,1.2024704304242568
11.0,6.0,2.74519166,38.1151143875,1.165119001723904,1.2236963865945232
11.0,6.0,2.9000495,41.8273885,1.180963717033351,1.2385752733817863
11.0,6.0,3.1410401487499997,47.578596100000006,1.2024096360214158,1.2607309431941889
11.0,6.0,3.4049022462500003,54.195214075,1.2260510028736165,1.2856992619299028
12.0,6.0,0.7609671984999999,0.92959753275,0.8667734098674554,0.9553486159704332
12.0,6.0,0.798023136625,1.3475312825,0.8748398526159125,0.9691496254893652
12.0,6.0,0.84295179475,1.92688776625,0.8866557266252088,0.978978027914881
12.0,6.0,0.8470649085,1.97566606625,0.8877219201658149,0.9746197244258704
12.0,6.0,0.8900290782500001,2.5440918862500004,0.8964954550571008,0.992672837160832
12.0,6.0,0.91703745,2.89906796875,0.903038162473772,0.9884367232538384
12.0,6.0,0.940937059625,3.2337946875,0.9071073121866812,1.001481103940128
12.0,6.0,1.003964741875,4.102223556250001,0.920480956566066,1.003253557436731
12.0,6.0,1.023970915,4.4003372,0.9253796961187232,1.0117713155072026
12.0,6.0,1.09297555125,5.385448155,0.9367019658594092,1.0192853445782493
12.0,6.0,1.1329861625,5.98807591625,0.9443677516703408,1.0270519009727477
12.0,6.0,1.2180526975,7.30996221625,0.9606695726964538,1.040524026163988
12.0,6.0,1.3049979075000002,8.65571536625,0.9722588623628756,1.053082226474044
12.0,6.0,1.3249335875,8.969210364999999,0.9763656088656648,1.0527898411634111
12.0,6.0,1.40097753875,10.18044513875,0.9872502143121712,1.0624252984514586
12.0,6.0,1.54611913125,12.65101055,1.0079897696444369,1.0828160298778795
12.0,6.0,1.5710456650000002,13.1044233375,1.011461452719485,1.0859341216226963
12.0,6.0,1.6610032575,14.6458971625,1.0222713238510246,1.0978506966910009
12.0,6.0,1.6799349925,15.022985962499998,1.024512547748185,1.100797774179508
12.0,6.0,1.98888011125,20.694453399999997,1.0635242388520163,1.131731062804947
12.0,6.0,2.1479333374999996,23.7773937375,1.0799391478480769,1.1496526643680796
12.0,6.0,2.27796168875,26.3578263125,1.0923909234119047,1.1628087691085087
12.0,6.0,2.50600697,31.0228206125,1.115956548858538,1.183167668914154
12.0,6.0,2.6591575575000004,34.2741804375,1.1310007656902588,1.1974613788510726
12.0,6.0,2.89401974875,39.358470925,1.1511274057769303,1.215865793083455
12.0,6.0,3.0759770987499997,43.4386890625,1.1681663716781543,1.2316864229912348
12.0,6.0,3.29811504125,48.4664512125,1.1838654487706173,1.2464268952132187
12.0,6.0,3.5318608799999995,53.9553002625,1.202124639088754,1.2638645872087833
13.0,6.0,0.750055371125,0.7849284162500001,0.8591398289344483,0.9517456358942038
13.0,6.0,0.791039967875,1.2831958112500002,0.8694630666452656,0.9652187381172188
13.0,6.0,0.8250007668749999,1.69189959,0.8772021237755567,0.9706831692386648
13.0,6.0,0.8269850731249999,1.70869638,0.8775774690267795,0.9733968450029822
13.0,6.0,0.8730044594999999,2.3005252075,0.8872403698289556,0.9846921203467212
13.0,6.0,0.904038891,2.6866416049999997,0.8934021251644484,0.9848664855229828
13.0,6.0,0.93598541125,3.142210525,0.90113286869363,1.002491879395009
13.0,6.0,0.972990963875,3.60335338875,0.9083008515463704,0.9994506289186464
13.0,6.0,0.973012065875,3.74556771,0.9127247866928828,0.9883391774734948
13.0,6.0,1.0300093875,4.38698719875,0.9181897197064662,1.013654645553086
13.0,6.0,1.0579592525,4.960292448750001,0.9283618220408584,1.0039347104295742
13.0,6.0,1.05800927875,4.78673203875,0.9247573323727062,1.0159034627605157
13.0,6.0,1.1259896237499998,5.7535230425,0.9369514386315588,1.0219390140590343
13.0,6.0,1.18107672375,6.5984929675,0.944902774191954,1.0337315538687195
13.0,6.0,1.20797801,6.98766701625,0.95023397464967,1.0367557551346354
13.0,6.0,1.33300348,8.8869668625,0.9679610331606212,1.052645504840816
13.0,6.0,1.3910150625,9.762607965,0.9759294656960464,1.0574107017201766
13.0,6.0,1.49404352625,11.380882875,0.9887232741186172,1.0656358877543783
13.0,6.0,1.5879961887499998,12.97793535,1.00109816474583,1.0810824071842944
13.0,6.0,1.6749570450000002,14.430742925,1.0116050630914042,1.0899043097916203
13.0,6.0,1.75708046375,15.7819458375,1.0209003328182156,1.0967937817380906
13.0,6.0,1.877996565,17.9211219,1.0343254464126217,1.1070630020000736
13.0,6.0,2.014931695,20.131469899999995,1.0493082864402958,1.1246162853675383
13.0,6.0,2.09992187625,21.9598112875,1.05725309659725,1.1328976561156243
13.0,6.0,2.1901216000000003,23.56920645,1.0658784115656288,1.136949581504997
13.0,6.0,2.2409330225,24.6439012,1.071998596378962,1.1450663752716177
13.0,6.0,2.40492464375,27.716222425,1.0867164272256358,1.1573848056213294
13.0,6.0,2.62303584375,32.0050998875,1.1067461842456985,1.172711273338289
13.0,6.0,2.66501364875,32.87262582499999,1.109161379986551,1.180486760983381
13.0,6.0,2.81375554125,35.910469475,1.122574736095074,1.190303863971954
13.0,6.0,2.85807033125,36.828612475,1.1246285944238124,1.1965967402669986
13.0,6.0,3.06807549,41.155621874999994,1.1415330140887208,1.2102951590448696
13.0,6.0,3.2863211950000006,45.845052525,1.1567668199318697,1.2213974941367347
13.0,6.0,3.536744005,51.3182475,1.174142719703806,1.242321917580623
13.0,6.0,3.79270966,57.09410175,1.191728801871384,1.2587110910292405
14.0,6.0,0.785959067375,1.22726845125,0.8662596825432827,0.9603999386515832
14.0,6.0,0.8179763443750001,1.6011088125,0.8732512263453007,0.9811199614935092
14.0,6.0,0.8659851907499999,2.18269274375,0.8824384464324198,0.9847458747295128
14.0,6.0,0.8959757935,2.5626256725000003,0.888219090954979,0.987490514287576
14.0,6.0,0.94898016425,3.24313671875,0.8997000671586491,0.9957632110318084
14.0,6.0,0.954943722375,3.46686137375,0.9046771838022296,0.9851961757045276
14.0,6.0,0.9550131875,3.3145527525,0.8998455301741266,0.9979146352010112
14.0,6.0,1.012971495,4.0890514399999995,0.9106840537309304,1.004452991346911
14.0,6.0,1.0450030225,4.661778045,0.92033755262319,0.999279437967206
14.0,6.0,1.045053445,4.55010606875,0.916837287958514,1.0146883124256771
14.0,6.0,1.1119950075,5.43820331375,0.9279679953452896,1.0183894343316098
14.0,6.0,1.16905762875,6.250792745,0.935926577942259,1.028975144695903
14.0,6.0,1.2400516325000002,7.304168035,0.9473276545282036,1.0375559105811
14.0,6.0,1.3419314575,8.79129342,0.9595213717613892,1.0500105453708442
14.0,6.0,1.49888213125,11.1627815875,0.979739664868957,1.0631566306785083
14.0,6.0,1.6231729624999998,13.170287125,0.9954985024750268,1.0773831664262394
14.0,6.0,1.7840308,15.8122631875,1.0125921982461432,1.0933080846047214
14.0,6.0,1.88391474375,17.471622537500004,1.0227529336971242,1.1010351392598825
14.0,6.0,2.012066945,19.626628125,1.036053569093551,1.1096413924256834
14.0,6.0,2.22702950625,23.498899912499997,1.0554376893564892,1.1309944987414309
14.0,6.0,2.3330601375,25.4467723125,1.0652434244520188,1.1396714754124715
14.0,6.0,2.50106635,28.4877691875,1.0786610262164449,1.1494831450359186
14.0,6.0,2.73715439625,32.998781037499995,1.0974082577410045,1.1711653391658927
14.0,6.0,2.80605039125,34.32804302500001,1.1021798626662118,1.174469824204039
14.0,6.0,2.9389345975000003,36.9501189,1.1117891433899338,1.1848323105037264
14.0,6.0,3.0530679075,39.228402487500006,1.1204561387637078,1.191711164109184
14.0,6.0,3.1779836875000003,41.7112771,1.1273254709588385,1.2027535934487128
14.0,6.0,3.2390033574999997,43.0377261375,1.1323541039589269,1.2077838796822116
14.0,6.0,3.5240123962500003,48.85265497500001,1.150278946837334,1.2228123116331104
14.0,6.0,3.85382648625,55.84893025,1.1704569951316994,1.2381858120102165
14.0,6.0,4.0361282075,59.851561749999995,1.1815827065697508,1.2529415846572094
15.0,6.0,0.77500984125,1.1076179993749995,0.86099115313664,0.967847486438004
15.0,6.0,0.817027498625,1.59961817375,0.86943092484364,0.9692950501625188
15.0,6.0,0.865027512375,2.16338257625,0.8789334082861305,0.9839028844312993
15.0,6.0,0.874979878375,2.28961346625,0.881190495072941,0.9843126319671638
15.0,6.0,0.918001951375,2.8215501599999997,0.8892454436279458,0.9952473817653652
15.0,6.0,0.952966037875,3.269556042499999,0.8963255703453503,1.0005768935053676
15.0,6.0,0.952984716625,3.47212920625,0.9029437748358172,0.9945813223532036
15.0,6.0,0.99795506375,3.84662193,0.903422896339636,1.0102918224629909
15.0,6.0,1.04298524625,4.45370445625,0.9118807864206336,1.0150373298816224
15.0,6.0,1.0430342375,4.66357889875,0.9179688707729468,1.00667612326079
15.0,6.0,1.13402257625,5.6621667362500006,0.9252688545871016,1.0201303096423282
15.0,6.0,1.14398007875,5.850475586250001,0.9288138880286858,1.030067102083776
15.0,6.0,1.21089642125,6.7645524337500005,0.938635619137165,1.034533523885476
15.0,6.0,1.3510296025,8.74679449875,0.9542819076275773,1.0480249460463045
15.0,6.0,1.40183899875,9.5297314575,0.9602842901606784,1.0551781320692184
15.0,6.0,1.51895485,11.2445092375,0.9754399955614692,1.0605051325139063
15.0,6.0,1.69208443125,13.8992737375,0.9931797249700584,1.0735019154711916
15.0,6.0,1.82285268375,16.1089072875,1.0090644266126998,1.0903230457544617
15.0,6.0,1.9140502125,17.5655429125,1.0143380442438716,1.100409371914118
15.0,6.0,2.0481176574999997,19.710745512499997,1.0270096109152005,1.1038112157157067
15.0,6.0,2.0990517774999997,20.6494223375,1.030914084031385,1.114773392900155
15.0,6.0,2.2401176024999994,23.027185937499997,1.0447167804187132,1.1223495858233563
15.0,6.0,2.55205957125,28.5247315,1.0687530104094087,1.1434040010663389
15.0,6.0,2.67213763375,30.761731075000004,1.076252436564372,1.156077364558776
15.0,6.0,2.81195566125,33.3519200125,1.0871429186838264,1.1628922774459132
15.0,6.0,2.950004855,35.8814697375,1.0959301974855786,1.1698966506012582
15.0,6.0,3.17012112375,40.1149675375,1.1099351844317198,1.186642255603979
15.0,6.0,3.294945905,42.48268751249999,1.1179078444103847,1.1922375206302884
15.0,6.0,3.7169670825,50.909641225,1.1433692243961653,1.215291001279379
15.0,6.0,4.0108936,56.8966214875,1.1585459935605336,1.2338169565848385
15.0,6.0,4.36196400625,64.2145428875,1.177208904906459,1.2486060689987482
16.0,6.0,0.763011880875,0.968901713125,0.8548027017704267,0.9730023116288712
16.0,6.0,0.79802485925,1.36028495,0.8626645800350634,0.9792734052107578
16.0,6.0,0.850979865,1.98861117875,0.8769584259363405,0.9945085110697252
16.0,6.0,0.8509900078749999,2.13022146875,0.8804481978747077,0.9714454946430482
16.0,6.0,0.851021613125,1.98651129,0.8736335418838944,0.9821189068762968
16.0,6.0,0.91398709425,2.76199235125,0.8881203704167522,0.9996090604331008
16.0,6.0,0.916921553,2.7874834149999996,0.8855874738569641,0.9922030465184232
16.0,6.0,0.9169510325,2.9317576987500003,0.892114712002298,0.9806219813441878
16.0,6.0,0.988998941,3.71178139625,0.902278394090224,1.008694452206812
16.0,6.0,1.01800526875,4.2630705537499995,0.9099180818687936,0.9943520672107028
16.0,6.0,1.0180867075000002,4.08203118875,0.905326257478762,1.0114643382186124
16.0,6.0,1.09405500875,5.088818583749999,0.917005946848013,1.0231071028789718
16.0,6.0,1.13697622,5.65350154375,0.9217964404028284,1.0298596717626918
16.0,6.0,1.24002805625,7.041215295,0.9357941124591792,1.0320178908524489
16.0,6.0,1.34703305125,8.552845195,0.9502661449613552,1.0429170135249302
16.0,6.0,1.520920395,11.033187825,0.969386376985502,1.0560326437481178
16.0,6.0,1.6429523087500002,12.9345156375,0.9823262128910124,1.0725837682313286
16.0,6.0,1.82610881375,15.239103325,1.0016977037579629,1.089328585352915
16.0,6.0,1.91691643625,17.227248274999997,1.0075037877426372,1.0945400673226169
16.0,6.0,2.00397860375,18.6273539125,1.0134568561421524,1.1015734480118695
16.0,6.0,2.25998450625,22.7829779125,1.0350315673945965,1.1162504472167925
16.0,6.0,2.78923712875,31.9271537375,1.072282100857492,1.1502972736438717
16.0,6.0,3.07522954375,37.211552450000006,1.0892711298617883,1.1707764765903528
16.0,6.0,3.2901774,41.128516475,1.1010220358897878,1.1829555430350644
16.0,6.0,3.5008313212499997,45.04976512500001,1.11509056521116,1.1902771622633768
16.0,6.0,3.8849724375,52.4817838375,1.1339704330437468,1.2109901108921193
17.0,6.0,0.7570222995,0.944376503,0.8541171518456029,0.9653003311816624
17.0,6.0,0.7980278521249999,1.3868709812500002,0.8622367487430036,0.9798519147275464
17.0,6.0,0.8400207785,2.03481135,0.8781629913905341,0.966002421874162
17.0,6.0,0.840031619125,1.8562924625,0.870227174746427,0.9862871913892388
17.0,6.0,0.846993972375,1.936383535,0.8724032768026697,0.9938788548258908
17.0,6.0,0.898031825,2.55208546375,0.8806171876354549,0.9941772772413152
17.0,6.0,0.918982642375,2.8095466774999993,0.8856907746743877,1.000532048433256
17.0,6.0,0.91900577525,3.0651357674999997,0.894838697195285,0.9736927248469484
17.0,6.0,0.984999913375,3.632743575,0.8968372466644121,1.0124804491634
17.0,6.0,1.0099416555,4.17719527125,0.9081048330320758,1.0088009216289262
17.0,6.0,1.009961959375,3.96219587125,0.9014091693396477,1.016907801870671
17.0,6.0,1.08996157,4.955339163750001,0.9117813672130348,1.0150317696071405
17.0,6.0,1.10896750875,5.2385854925,0.915795236745494,1.0282509229791077
17.0,6.0,1.2220036399999998,6.7193907225,0.9306351820125368,1.0313243097130436
17.0,6.0,1.35499454375,8.542864565,0.945300761742086,1.0430997537113254
17.0,6.0,1.52598043875,10.9543013,0.9631399767031148,1.056728388917127
17.0,6.0,1.70003539,13.5448302125,0.9811222678874556,1.0721036491349398
17.0,6.0,1.89296578,16.4735827125,0.9964516897991949,1.088550333188553
17.0,6.0,2.112985885,19.9517557875,1.014700460920109,1.103238873112108
17.0,6.0,2.3078835675,23.114414625,1.0289644448059954,1.114374727474452
17.0,6.0,2.5780087475,27.5644467625,1.0480726225653751,1.1303040946462255
17.0,6.0,2.7320638587499997,30.345456175,1.0597621177957612,1.1454910651731238
17.0,6.0,3.16382133625,37.711707275,1.081625737789425,1.1636365099708423
17.0,6.0,3.45100041875,42.71929332500001,1.0983984316604691,1.179691775148009
17.0,6.0,3.787837518749999,49.14746995,1.114265514992441,1.1958248526259072
17.0,6.0,4.0032536062499995,53.319904975,1.1241742279513736,1.2065506551076837
17.0,6.0,4.385114580000001,60.5453288875,1.140400445166009,1.2220827395167169
17.0,6.0,4.83297646875,69.3510570875,1.1581644248820255,1.2408031703135445
18.0,6.0,0.7839914058749999,1.2324842965,0.8577638720448123,0.9813376031126404
18.0,6.0,0.823999957625,1.6843729525,0.8667073035888873,0.9901234170958088
18.0,6.0,0.886965207875,2.41440419875,0.8796169442488784,1.0031092256063374
18.0,6.0,0.889936256125,2.46337727375,0.8775088567633886,0.9961647851892316
18.0,6.0,0.8899524215,2.644774305,0.886092476111398,0.9839967961686013
18.0,6.0,0.946966238875,3.1704160837499997,0.8918642717679944,1.0097158139141584
18.0,6.0,0.966980670625,3.4046302975,0.8929533190756281,1.014113608202343
18.0,6.0,0.96702193075,3.62501061375,0.8999797332310246,1.0120221443807411
18.0,6.0,1.0870025325,5.17302711875,0.9178279823278036,1.018593777058685
18.0,6.0,1.08703444875,4.925701446249999,0.910706425012086,1.0297665706515893
18.0,6.0,1.08996959375,4.9200494625,0.909615872236862,1.0165735215461564
18.0,6.0,1.2090444225,6.471801374999999,0.9252075461631196,1.0273138106400836
18.0,6.0,1.34194288125,8.27719685625,0.939863997437137,1.0426872553518909
18.0,6.0,1.51406407125,10.640606175,0.9583342565807996,1.0542184694558856
18.0,6.0,1.70199257875,13.3440652625,0.975034242780801,1.0666402945489628
18.0,6.0,1.89911168125,16.298581375,0.9927344461944148,1.0800971612795744
18.0,6.0,2.11501047,19.6673957,1.008708187665046,1.0989542484076062
18.0,6.0,2.16201772875,20.35156635,1.0114160760817057,1.0999623714910278
18.0,6.0,2.34688240125,23.28600875,1.0232176326599238,1.1121918645498574
18.0,6.0,2.5639550175000005,26.8319127375,1.038618801613281,1.1242749892864663
18.0,6.0,2.7050008362500004,29.108574475,1.045656136507271,1.132174620522428
18.0,6.0,2.9079584274999997,32.588372050000004,1.060129045766708,1.1423827157646465
18.0,6.0,2.9579452387500007,33.44413235,1.0598143213155795,1.147887763795039
18.0,6.0,3.24016186625,38.148142825,1.0740615314901307,1.154854584385917
18.0,6.0,3.5700034625,44.095919225,1.0915608176702412,1.176518243034629
18.0,6.0,3.60315492875,44.72500144999999,1.0936965265971668,1.178318733744732
18.0,6.0,3.90416711,50.033985062499994,1.1071229862128973,1.190759189937274
19.0,6.0,0.77603010525,1.157510564125,0.8557987614155268,0.9846808209855222
19.0,6.0,0.8260198990000001,1.7143687325,0.8650647447472416,0.9905227193786802
19.0,6.0,0.8680048285,2.1973322150000003,0.875342209494112,1.0045308761836282
19.0,6.0,0.875977672125,2.28220763,0.8746463288413773,0.9991659431016362
19.0,6.0,0.967038482875,3.38672204,0.8906721480444911,1.0128727816197192
19.0,6.0,0.9720203475,3.4459809087499997,0.8914744949188748,1.012977647995141
19.0,6.0,0.972045066,3.66590164125,0.8991360654090194,1.0106095733687934
19.0,6.0,1.05001143875,4.43007322375,0.9036842504812612,1.0264070255013078
19.0,6.0,1.05002431375,4.52780247875,0.9064108072637664,1.0039742793827762
19.0,6.0,1.07301062625,4.67894558,0.9060807147899148,1.017955391224353
19.0,6.0,1.17998658375,6.07206273375,0.9200915023995088,1.0326892646773342
19.0,6.0,1.19993538625,6.353793678750001,0.9245571298084192,1.0413251583048193
19.0,6.0,1.33001275375,8.02432916625,0.936412774989164,1.041666692611089
19.0,6.0,1.52100058875,10.6152779125,0.9550636845070082,1.0515594308488954
19.0,6.0,1.6910122275,13.0287482625,0.9690241515329984,1.060177092586374
19.0,6.0,1.91492875875,16.325771562499998,0.9874694080414006,1.08100931924204
19.0,6.0,2.09804059,19.077903237500003,1.0005672235150496,1.0916018829168663
19.0,6.0,2.3600712925,23.0766520875,1.0168559523187128,1.1080538045442778
19.0,6.0,2.61602478,27.1749206,1.0331742892141846,1.1223159148922115
19.0,6.0,2.9859356299999997,33.175395575,1.0528919666668763,1.1375097188351029
19.0,6.0,3.2839919212499997,38.2310504375,1.0686926756148805,1.153849704561658
19.0,6.0,3.6141204875,43.9969412625,1.0830722404334905,1.1715638125799817
19.0,6.0,4.0209411825,51.070444,1.0992576971347032,1.1861185895274555
20.0,6.0,0.759991805625,1.001676032125,0.8522825076325253,0.9822173188638508
20.0,6.0,0.8100178096249999,1.5397187525,0.8611834488917097,0.994909313929903
20.0,6.0,0.8450047265,1.937594205,0.8690301609822768,1.0006963123078432
20.0,6.0,0.8610376814999999,2.124488665,0.8729330779373405,1.0069819595211646
20.0,6.0,0.921028383875,2.840890945,0.8835576727277606,1.0142006807188664
20.0,6.0,0.9409757875,3.28780818625,0.8936325214951886,1.0067607241118115
20.0,6.0,0.941052091125,3.07066592875,0.8847209044738044,1.008586777021724
20.0,6.0,1.03603475,4.46282335625,0.9067311520758792,1.021221623710043
20.0,6.0,1.03605762,4.2742240725,0.8993304363091355,1.0327857374845102
20.0,6.0,1.04406335875,4.31945604375,0.8992596849838245,1.0151832255029452
20.0,6.0,1.17004338875,5.894862911250001,0.9172073475984824,1.0307669346685784
20.0,6.0,1.2899885875,7.74703007,0.9359316545468026,1.0352785303565546
20.0,6.0,1.3270723275,7.93130969625,0.9332001417594498,1.0415238691186033
20.0,6.0,1.4949375425,10.192998775,0.9487854231128876,1.0535003462625032
20.0,6.0,1.6559538175,12.44799385,0.962791969074068,1.0673830265269877
20.0,6.0,1.9149432575,16.1169578875,0.9821533618676056,1.0791209744999597
20.0,6.0,2.1809949349999997,20.00507415,0.9999530503045164,1.0883653525212516
20.0,6.0,2.3649921275000003,22.871336300000003,1.011295288788948,1.1055290467275147
20.0,6.0,2.7839603525000003,29.389832625,1.0353742855474215,1.1242941164737432
20.0,6.0,3.0169569999999997,33.21331665,1.0468238686390632,1.1381179985578762
20.0,6.0,3.39396818625,39.309675912500005,1.063869521678916,1.150951360132479
20.0,6.0,3.4948757425,41.0580048625,1.0684776343966316,1.1568165718615642
20.0,6.0,3.77287741375,45.7161882375,1.080107609713402,1.1652738316747293
20.0,6.0,4.2859109362500005,54.5008472875,1.0985294961270722,1.1812973019136066
20.0,6.0,5.3238045412499995,73.31029593749999,1.1332112275424846,1.2212202787815942
21.0,6.0,0.7449582148749999,0.8536178596249999,0.8480385347296335,0.9898406574629816
21.0,6.0,0.788030912125,1.3137261425000002,0.8566086524187053,0.9953281062894636
21.0,6.0,0.8149742678750002,1.60627263,0.8617381934874123,1.0042020635124396
21.0,6.0,0.8149833372499999,1.69749068125,0.8674954864969795,0.9817929801740788
21.0,6.0,0.849005230625,1.9940748075,0.8685850142936541,1.0017903240920103
21.0,6.0,0.897982891875,2.6809965275000005,0.8831835416363709,0.9935559182298774
21.0,6.0,0.8979999289999999,2.5703008950000004,0.8769874356943902,1.0125233812969336
21.0,6.0,0.925018515,2.8779570425,0.8842240552757259,1.0185275931351354
21.0,6.0,1.00798114625,3.89807721625,0.8937621873701944,1.024460054393638
21.0,6.0,1.0139765175,4.000534732499999,0.896509838849559,1.0342645930897
21.0,6.0,1.014014155,4.18479250625,0.9029140883095508,1.0199563418132729
21.0,6.0,1.15601276375,5.698900451249999,0.912306552882294,1.0315682233056005
21.0,6.0,1.3509789774999998,8.18411706375,0.9338902773568388,1.038664410393907
21.0,6.0,1.4720388425000002,9.8451419075,0.9445712411097394,1.0557014373103404
21.0,6.0,1.6510225975,12.3131604375,0.960501625895112,1.0688710762666196
21.0,6.0,1.714977155,13.1028643875,0.9635012336021224,1.0583386593013162
21.0,6.0,1.89995839875,15.7605182125,0.9787304645286016,1.0756219182595588
21.0,6.0,2.1319738837499997,19.1860104375,0.9934663197234872,1.0944377195352295
21.0,6.0,2.18189852875,19.781146025,0.9953413489873706,1.0864361533145377
21.0,6.0,2.39294865625,22.98723425,1.008693668557655,1.1012579393834752
21.0,6.0,2.733952435,28.2715703,1.0267114167003255,1.1197757230863543
21.0,6.0,2.8152141362500003,29.403025824999997,1.0290512368955982,1.1151321977251345
21.0,6.0,3.12491933875,34.429935924999995,1.0442391098052406,1.1380226006837757
21.0,6.0,3.4498836037499996,39.617894025,1.0566811149900297,1.1503218132059454
21.0,6.0,3.88886448125,46.947946900000005,1.0750595954934898,1.1669063984367083
21.0,6.0,4.35781840375,54.836592225,1.0910565944848831,1.1802143059900487
22.0,6.0,0.783976612375,1.2878301,0.8565056420834208,0.996477542377228
22.0,6.0,0.8300306871249999,1.7922479537499998,0.8653119527806098,1.00713919448371
22.0,6.0,0.8920072096250001,2.7031342387499997,0.8844873464379022,1.008060180261139
22.0,6.0,0.8920540334999999,2.50696794875,0.8758113744388805,1.0143173241977848
22.0,6.0,0.90101115325,2.6103727312500005,0.8791179995791131,1.0157488311809195
22.0,6.0,0.97597970225,3.531156105,0.8896938846358771,1.035117435877036
22.0,6.0,0.976054472875,3.7148544875,0.8972089179538539,1.022581557037601
22.0,6.0,1.0039798345,3.8201219,0.8939438334334155,1.0210569299785253
22.0,6.0,1.1149762424999998,5.259321369999999,0.9088712765681882,1.0441268437166469
22.0,6.0,1.1150071337499998,5.44813532625,0.9144947773006732,1.0244159594508733
22.0,6.0,1.13605926625,5.436700265000001,0.912008050780858,1.030887388092025
22.0,6.0,1.24397482875,6.81195033125,0.923033961275463,1.0395500430212228
22.0,6.0,1.405986875,9.25573711125,0.94351184340744,1.0470983155926965
22.0,6.0,1.46402118625,9.6346716925,0.9420725636521464,1.051525387130004
22.0,6.0,1.6410130287500002,12.0564877875,0.9559542798778586,1.0638053171314148
22.0,6.0,1.8651455325,15.1715389625,0.9721064697759364,1.0780785245828295
22.0,6.0,2.203015865,19.9064043375,0.9921823871878016,1.084486984908817
22.0,6.0,2.4319292862499995,23.329056,1.0051139163141536,1.1002455967110776
22.0,6.0,2.835899125,29.4814441375,1.0259118490665025,1.120272594908554
22.0,6.0,3.14006285625,34.16474871250001,1.0390530242665383,1.1294537627644987
22.0,6.0,3.5258117512500005,40.243734125,1.0537001393813736,1.1442800101221442
22.0,6.0,3.91299802375,46.7557963,1.0683107950552655,1.1633078236428274
22.0,6.0,4.51016947875,56.409469375,1.0868372609602523,1.1717987016876936
23.0,6.0,0.7659719217500001,1.11069710525,0.8519289451213083,1.0012520258177822
23.0,6.0,0.82298527925,1.73049981625,0.8635791416197719,1.0068661859673642
23.0,6.0,0.8549836507499999,2.1792276224999996,0.8735676526372667,0.9973324533101072
23.0,6.0,0.8550236522500001,2.0953215287499996,0.8695875060329904,1.0144843384413962
23.0,6.0,0.88997368775,2.49905616375,0.8764083342406254,1.0176803992326031
23.0,6.0,0.964950219,3.6019768487499997,0.8957433214571932,1.025785595323471
23.0,6.0,0.964954967375,3.3968621525,0.8864035514507366,1.0296778463244256
23.0,6.0,0.982027002,3.55979253625,0.888284344967877,1.0193222051908688
23.0,6.0,1.09289614,5.02254806875,0.9041201411941155,1.0481082113566402
23.0,6.0,1.0929766775,5.162642575,0.910942666795137,1.030472009343614
23.0,6.0,1.10401303125,5.03997578625,0.9038261070479912,1.0304674195759616
23.0,6.0,1.2839874875,7.273432375,0.9255511812737643,1.0402808590833088
23.0,6.0,1.4739377175,9.722888386249998,0.9415523782021328,1.0503390003996445
23.0,6.0,1.627012905,11.7840114625,0.9531553047468528,1.0615823232117485
23.0,6.0,1.898048625,15.447518075,0.9702725313132262,1.0729592545017366
23.0,6.0,2.16997227625,19.28274455,0.986914061879294,1.085120818487494
23.0,6.0,2.4239301575,23.036306375,1.0001488491556276,1.100868009241775
23.0,6.0,2.72492734875,27.534446175,1.0149258522005775,1.116026879210909
23.0,6.0,3.2159110099999997,34.9564942,1.035951684557538,1.1319378521174843
23.0,6.0,3.5720697250000004,40.607410675,1.049071690830441,1.146343980660242
23.0,6.0,4.03493415625,47.935000837500006,1.0654790484516674,1.156213092948094
23.0,6.0,4.5977413925,57.1952057375,1.0822070583339638,1.1769988309267745
24.0,6.0,0.7630262841250001,1.0898488895,0.8510928323965036,1.004936038747561
24.0,6.0,0.80999134525,1.6034728875000002,0.8614172946319778,1.0096801081625923
24.0,6.0,0.8509412817500001,2.06374541875,0.8687794533588462,1.0158266139746843
24.0,6.0,0.850998284,2.2469918000000004,0.877592122609444,1.0188947916002322
24.0,6.0,0.873996743375,2.3236389575000005,0.8737101412869201,1.0189603075392837
24.0,6.0,0.939969109125,3.3007463749999997,0.8914672872979438,1.0274736387569698
24.0,6.0,0.940022296375,3.11305732,0.8843632320880319,1.0287175633264831
24.0,6.0,0.95292575625,3.2436933500000005,0.8859297016996802,1.0275034295741077
24.0,6.0,1.06396491625,4.64247877625,0.9048706847865412,1.0466246362729283
24.0,6.0,1.0640242,4.79660769125,0.9068807835493796,1.0255812218533653
24.0,6.0,1.12195318,5.2523262225,0.9072840038680552,1.033065761264973
24.0,6.0,1.23794703125,6.69387641375,0.9181088816053896,1.041698829080662
24.0,6.0,1.3840540150000002,8.626384448749999,0.9346814553483552,1.0598416361731295
24.0,6.0,1.43301204625,9.17529463625,0.9347859017017376,1.050795283041148
24.0,6.0,1.61916435,11.6386485125,0.9491274372495296,1.0646251186287177
24.0,6.0,1.76898227625,14.0865785,0.9659259557373436,1.0682556723921297
24.0,6.0,1.89407478625,15.3351633,0.967281805467988,1.0724726207670838
24.0,6.0,2.1069179950000003,18.28811115,0.9786360361867612,1.0856686468554293
24.0,6.0,2.4391035475,22.9950558875,0.996995678672124,1.096446206691977
24.0,6.0,2.8649113225,29.2136473375,1.014954983707598,1.1078176107201052
24.0,6.0,3.20520750625,34.4154905,1.0279472353572898,1.129601981291125
24.0,6.0,3.6470337475,41.273479875,1.0465221759377743,1.1413839859976274
24.0,6.0,4.12703991625,48.761523512500005,1.0613593874248055,1.151425512529936
24.0,6.0,4.65818374125,57.5394171125,1.0772314404963552,1.173893652555956
25.0,6.0,0.7459992731249999,0.92425462775,0.8467824785154964,1.0096659131036767
25.0,6.0,0.796042612125,1.46356694875,0.8584152444253338,1.0171760035075723
25.0,6.0,0.8169856976250001,1.799682295,0.8676858834674956,0.9934320189225996
25.0,6.0,0.817007192125,1.70143139875,0.8630848873501143,1.0205431436809544
25.0,6.0,0.858018925125,2.158975345,0.8705408758272611,1.022711391227902
25.0,6.0,0.912971676375,2.81830620875,0.8811262828187709,1.0316667618825943
25.0,6.0,0.912981431,3.00571864,0.8882873476598026,1.0295490377901677
25.0,6.0,0.925000997125,2.94533328125,0.8818528142866617,1.0312725441405182
25.0,6.0,1.0309665225000002,4.421722995,0.9035420638154764,1.0349049799580183
25.0,6.0,1.031055065,4.266843939999999,0.8989604990527384,1.0483590471770192
25.0,6.0,1.0749948262500002,4.690077938750001,0.902697898526875,1.0363970834213794
25.0,6.0,1.1569670925,5.8869090225,0.9144911631918122,1.009103954156566
25.0,6.0,1.156972425,5.97679639125,0.9164631472117442,1.040637668960066
25.0,6.0,1.25999731375,6.958645832499999,0.921183774023724,1.0421075082967128
25.0,6.0,1.4029863875000002,8.74113986625,0.932365883996258,1.0477133422181737
25.0,6.0,1.56494049,10.9273735625,0.9445985714855476,1.069517268928896
25.0,6.0,1.5979929387499998,11.289282775,0.947530398354106,1.0570646206854084
25.0,6.0,1.84895750375,14.61922305,0.9618163366708612,1.0707035149609374
25.0,6.0,2.1779281962500003,19.12345745,0.9795070788907564,1.0781527454765902
25.0,6.0,2.4450535149999997,22.916629625,0.9938881369384664,1.092192678309622
25.0,6.0,2.82919723125,28.4728931375,1.0096023245501533,1.1096309246882512
25.0,6.0,3.3149131125,35.644026262500006,1.0288687437164843,1.119606412658053
25.0,6.0,3.74195952625,42.1427614,1.0419775621712355,1.137261209726536
25.0,6.0,4.204173165,49.6812707875,1.0557770766519137,1.159024875900475
25.0,6.0,4.275208496249999,50.54863895,1.058474156683504,1.1528684847442947
25.0,6.0,4.833067806250001,59.4715988625,1.0738165399082815,1.1705131946090312
26.0,6.0,0.741033397375,0.901674055625,0.8470148701964382,1.0079723932249929
26.0,6.0,0.78803788175,1.3920282125,0.857223384699466,1.0191766742904234
26.0,6.0,0.8090113009999998,1.76428377375,0.8686220279069765,1.0062664031903532
26.0,6.0,0.809052795125,1.63047728875,0.8610825247039806,1.0176737138303278
26.0,6.0,0.8539891406249999,2.1326407975,0.8695022580956582,1.0191755827498514
26.0,6.0,0.8979939963750001,2.8308561950000004,0.8851663113819146,1.0305241008337114
26.0,6.0,0.898011607625,2.6514701675,0.8781286905641222,1.0320608758689525
26.0,6.0,0.924025684,2.9429934937499995,0.8799868763445993,1.0304180963911749
26.0,6.0,1.0239792225,4.3283296575,0.9016838832238684,1.0244528060631115
26.0,6.0,1.023980665,4.19178746375,0.8992221268743628,1.0480859122628383
26.0,6.0,1.06105658,4.560416567500001,0.8992255369800018,1.038189125211842
26.0,6.0,1.1909805525,6.1178739625,0.9140139629605076,1.042759468925145
26.0,6.0,1.4019643000000002,8.722601006249999,0.9307699512409784,1.0469038291775166
26.0,6.0,1.5820410312499995,11.0405706,0.9431773441919036,1.0582237835785049
26.0,6.0,1.723000485,13.3672900875,0.9597887721007456,1.0661978603395077
26.0,6.0,1.72301464375,13.0165416,0.9560798009226222,1.0774494476689664
26.0,6.0,1.8209765525,14.205503925,0.9593438444567284,1.067634834634828
26.0,6.0,2.16402487375,18.863838525,0.9771619254783918,1.084230651128335
26.0,6.0,2.45585865125,22.9541808125,0.9901010373258154,1.097719996275659
26.0,6.0,2.88888499,29.138593525,1.008887263931323,1.1076127970292715
26.0,6.0,3.2720318875000003,34.841219075,1.023390371655834,1.122084750837946
26.0,6.0,3.82784632125,43.12909371250001,1.0404787653584908,1.1351904092528784
26.0,6.0,4.29689327375,50.3935813625,1.0536848724486294,1.1515598649537306
26.0,6.0,4.92115877,60.2489886375,1.068809729496373,1.1675951241597815
27.0,6.0,0.7389705726250002,0.9123038815,0.847551543269768,1.0037923763831649
27.0,6.0,0.7830290438749999,1.3693627475,0.8562865735392876,1.0185998238543998
27.0,6.0,0.804972175875,1.6083611125,0.8613362711632405,1.023732230528164
27.0,6.0,0.8049831272500001,1.766465445,0.86985216620287,1.000284903969488
27.0,6.0,0.83802826575,1.9690015425,0.8663163005059242,1.023609061079987
27.0,6.0,0.890011353375,2.5753642825000003,0.8769897965552953,1.035314039501997
27.0,6.0,0.890061802125,2.75638985625,0.8846281942285756,1.0319635926690158
27.0,6.0,0.9010209915,2.688579848749999,0.8790692573603757,1.034601232862188
27.0,6.0,0.9949421225,3.98983543875,0.8978973461349133,1.0307353104249533
27.0,6.0,0.99504991525,3.84817247375,0.8943888999087214,1.0502436630620018
27.0,6.0,1.024975565,4.133686631249999,0.8943260384909021,1.0381096899628262
27.0,6.0,1.11299312625,5.4477150875,0.9115894598722064,1.0419610127442105
27.0,6.0,1.1899574725,6.094236607499999,0.9102361021877592,1.0348415366900998
27.0,6.0,1.25993826625,7.13287233625,0.921537893783262,1.0193016519687426
27.0,6.0,1.25998764125,7.14041959125,0.921680106390008,1.0253566742487978
27.0,6.0,1.351973865,8.08841987375,0.9263203310553156,1.0477190896920343
27.0,6.0,1.56198811125,10.7876170875,0.9408899527049084,1.0615794398798657
27.0,6.0,1.85004265875,14.5355525125,0.957485823741437,1.07011998370955
27.0,6.0,2.1549118925000004,18.63489215,0.9738032276336582,1.0785461847933704
27.0,6.0,2.4109944587500003,22.2620914125,0.987387736290603,1.0962539812235936
27.0,6.0,2.90105637625,29.08035695,1.0054337372174085,1.10248067487098
27.0,6.0,3.2998402299999996,34.908197799999996,1.0191325533547315,1.1178902224120426
27.0,6.0,3.74924198375,41.751353525,1.034379669581648,1.1379988495119635
27.0,6.0,4.274978875,49.608034025,1.0471771257640268,1.1484027081725932
27.0,6.0,5.024978089999999,61.2382924125,1.0658982844784228,1.1652192910830852
28.0,6.0,0.763959331875,1.17817392725,0.8529181635529113,1.0234418134655872
28.0,6.0,0.81899559575,1.77578381,0.8630763378238484,1.0210692197755535
28.0,6.0,0.8529774842500001,2.3490689375,0.8793655685535681,1.0343272659499667
28.0,6.0,0.852997496875,2.1819746249999996,0.872076371467255,1.038604042568613
28.0,6.0,0.8989430764999999,2.68720346625,0.8774066846949378,1.0333143882684788
28.0,6.0,0.956986551875,3.5491592075,0.8935653327521876,1.0310111433436229
28.0,6.0,0.957015141625,3.39537464875,0.8890536481171765,1.0505030947330696
28.0,6.0,1.016980535,4.0489275962499995,0.8943559165600629,1.0402672679189948
28.0,6.0,1.1099519437499998,5.3982651575,0.910398713770732,1.0364168336604678
28.0,6.0,1.11002614,5.332242770000001,0.9033396855019752,1.062640787306363
28.0,6.0,1.15804863375,5.722863144999999,0.9111654723828728,1.0463552742036193
28.0,6.0,1.2469859,6.9539316275,0.9213415158362248,1.0688487845796
28.0,6.0,1.2469977087500002,7.104062373749999,0.9232097780456152,1.047303590228146
28.0,6.0,1.32306258,7.75449002125,0.9229833661336974,1.050205206745925
28.0,6.0,1.55197542875,10.627751962499998,0.9384914435416472,1.0576243752814882
28.0,6.0,1.82805225875,14.19656185,0.9552637557929357,1.064199863596259
28.0,6.0,2.0850111975,17.631273050000004,0.9692200879620732,1.0791140039942144
28.0,6.0,2.4469933662499996,22.556508137499996,0.9855267611133918,1.089544455027771
28.0,6.0,2.56393640625,24.4353447,0.9917759808980126,1.079488442698802
28.0,6.0,2.78617882125,27.310499625,0.9979747853659096,1.1039532819346023
28.0,6.0,3.3388723,35.280636337500006,1.0165618722916765,1.1216938591044774
28.0,6.0,3.92781968125,43.8389069375,1.033501168686653,1.1287054341311726
28.0,6.0,4.3319221,50.0649726125,1.0440566872148458,1.1453616385998917
28.0,6.0,5.1065312425,61.89779503749999,1.062567949242278,1.160062716470675
29.0,6.0,0.763061926375,1.1860492655,0.8521440695370404,1.024279361935054
29.0,6.0,0.8079740875,1.67906723625,0.8620435647913745,1.025938237533193
29.0,6.0,0.8509830195,2.33889778375,0.8785317611420943,1.0352420650562526
29.0,6.0,0.851023379625,2.1619853275,0.8698301457057545,1.0328320687143424
29.0,6.0,0.883997985375,2.52567036375,0.875109340881966,1.0304124123154943
29.0,6.0,0.9369818755,3.2775437187499996,0.8884154605992031,0.9942294096448996
29.0,6.0,0.937005204625,3.35640907875,0.8918261497419347,1.0419368944967655
29.0,6.0,0.93707507975,3.18120437,0.8861926492162796,1.0492167491492497
29.0,6.0,0.981003545625,3.640634543750001,0.8892481229855053,1.0372217409370514
29.0,6.0,1.08098010125,5.085727102500001,0.908206692733906,1.0433007305436208
29.0,6.0,1.0810344587499998,4.97334330375,0.9023529751411437,1.0605844365866623
29.0,6.0,1.1270777174999995,5.37752802375,0.9042094785883336,1.0457701875440717
29.0,6.0,1.22296655125,6.83160265375,0.922084925406928,1.0504409259752223
29.0,6.0,1.3290307675,7.805848642499999,0.9226375715736628,1.04712485397231
29.0,6.0,1.39103347125,8.819997981250001,0.93177940064773,1.019693946991311
29.0,6.0,1.39105598375,8.9402422725,0.93399034700005,1.0554123028682596
29.0,6.0,1.53595055625,10.42090910375,0.9374308668699064,1.059858774248688
29.0,6.0,1.80913938875,13.9140818625,0.952654835718538,1.0713368191482089
29.0,6.0,2.15591045875,18.5009496625,0.9699092452136764,1.079153870800917
29.0,6.0,2.4139051962500004,22.012136525,0.9813466711451426,1.0892804425814335
29.0,6.0,2.9339677512500004,29.1984004125,0.9999553649067288,1.0974141313954018
29.0,6.0,3.359066931250001,35.216348825000004,1.0130214689049923,1.1111535542959037
29.0,6.0,3.8440695275,42.371953125,1.0270861235994877,1.126240165892708
29.0,6.0,4.4590286712500005,51.518996425000005,1.0429015221323703,1.1421494522169464
29.0,6.0,5.2870758425,64.0361689625,1.0605325204832268,1.1532912155148
30.0,6.0,0.7580111070000001,1.179040795375,0.8538125105546783,1.0157481744906336
30.0,6.0,0.8069788691249999,1.68994560125,0.8625781620662536,1.0275936501942786
30.0,6.0,0.8419768235,2.2522536575,0.877590727763571,1.0306760857473878
30.0,6.0,0.84200985225,2.0875007062499997,0.869119986427058,1.036535701948312
30.0,6.0,0.861005078875,2.28098379875,0.8715331945811169,1.033992247460256
30.0,6.0,0.935982964,3.1875954149999997,0.8863134534532329,1.049632841159199
30.0,6.0,0.935983165,3.36031353875,0.8919896493630797,1.039399001504718
30.0,6.0,0.97400473875,3.57793147125,0.8886299246960956,1.0375129127293032
30.0,6.0,1.03694130125,4.418279366249999,0.9000757489700699,1.0595931738417796
30.0,6.0,1.036964045,4.5595758325,0.9034167031193924,1.0448981201217746
30.0,6.0,1.0370022525,4.4772612825,0.9007479249663172,1.0086650626321167
30.0,6.0,1.1059876825,5.1239187275,0.9042403446423868,1.04610206868739
30.0,6.0,1.21097456625,6.675878624999999,0.9193107138653084,1.043255834562516
30.0,6.0,1.304996365,7.5328527875,0.9205879065857884,1.0513606512648643
30.0,6.0,1.485996195,9.83111810875,0.9338782371861992,1.0641014771611392
30.0,6.0,1.79507095875,13.70189855,0.9513208981334016,1.069392978110338
30.0,6.0,1.84398970375,14.5386259,0.9566495208890304,1.054025398985216
30.0,6.0,1.84405954,14.5293103,0.9560281435946306,1.045004113135581
30.0,6.0,2.11992477,17.949492387499998,0.9667175495201802,1.0732220981144116
30.0,6.0,2.40990767,21.934837212500003,0.9790548942771604,1.0933762423224953
30.0,6.0,2.8999806675,28.619886387500003,0.9970665963804638,1.099733582875594
30.0,6.0,3.3819245949999996,35.4592607375,1.011223675115471,1.1119165838795038
30.0,6.0,4.008873565,44.465312325000006,1.0281627842651406,1.1253197919880242
30.0,6.0,4.61900734375,53.548207062500005,1.042266829877098,1.1421667899651091
30.0,6.0,5.3901071025,65.071884025,1.0569144144336904,1.1555868400187723
31.0,6.0,0.74501255625,1.035325432125,0.8490393490420324,1.0273610202443293
31.0,6.0,0.792977717625,1.54958609125,0.8596171627494897,1.0301299243882291
31.0,6.0,0.81499152525,1.80624611,0.865199060407081,1.0408834420128277
31.0,6.0,0.81499193525,1.9805895175,0.8741556982807485,1.0464350330809062
31.0,6.0,0.850052135625,2.18626360875,0.8710285519907977,1.038058368749105
31.0,6.0,0.90700156925,2.8634211812499997,0.8810487844114541,1.051341667586993
31.0,6.0,0.907011585875,3.0200180875,0.8873943770824855,1.0366396132821838
31.0,6.0,0.967030175125,3.51646275375,0.8877302923603976,1.0415623559974982
31.0,6.0,1.0169435125,4.1941807425,0.8970161719890211,1.0623974015773685
31.0,6.0,1.0169686875,4.349766906249999,0.901906784542904,1.0488511210791338
31.0,6.0,1.0809933375,4.874681387500001,0.8989732184828594,1.05487263120552
31.0,6.0,1.1989659225,6.47534399,0.9104962592472342,1.0736428621013574
31.0,6.0,1.261981295,7.06570973875,0.9143221103264392,1.0631501607102116
31.0,6.0,1.5099009775,10.063319922499998,0.9343969152236192,1.0581991916903264
31.0,6.0,1.735909415,12.9671957,0.946285040509646,1.070380873105586
31.0,6.0,2.04808880125,17.00703765,0.9629142345120404,1.0765048289462462
31.0,6.0,2.4049895162499997,21.746928325000003,0.9767168219780792,1.0890109329997806
31.0,6.0,2.828887351250001,27.515079974999995,0.9913006473876615,1.100075263188203
31.0,6.0,3.36904516,35.0394621875,1.00729650940281,1.108974715944982
31.0,6.0,3.98007398625,43.7665013125,1.0236086282560302,1.1219882128387364
31.0,6.0,4.56487761375,52.34201928750001,1.0364018105353356,1.1387296682886991
31.0,6.0,5.448962841249999,65.55861678750001,1.0535302817685115,1.149356017158309
32.0,6.0,0.739969573625,0.99669284875,0.8478182633908539,1.0285542903150584
32.0,6.0,0.7820391826249999,1.44641902875,0.857767727416547,1.038321259510233
32.0,6.0,0.806008021375,1.82847319375,0.8693276893158272,1.0130744919877646
32.0,6.0,0.8060091865,1.7164797325,0.8635347413110669,1.036954708255148
32.0,6.0,0.8479888257499999,2.1831348512499997,0.8702888009865706,1.038149496365839
32.0,6.0,0.8879752663749999,2.6666155937499996,0.876868580121933,1.0478500805196271
32.0,6.0,0.887998209625,2.831247265,0.8856131689226086,1.0472225109696025
32.0,6.0,0.913978498625,2.9584536924999996,0.8832350410447454,1.0531120923015873
32.0,6.0,1.01297221,4.286299519999999,0.900509449127723,1.0415139076053106
32.0,6.0,1.01303696625,4.171587551250001,0.896163075218352,1.0633314715590851
32.0,6.0,1.0799958675,4.84167772625,0.9005999664288329,1.0451098590631265
32.0,6.0,1.138072315,5.71263597125,0.9106757914935898,1.0346983928134503
32.0,6.0,1.26297814375,7.04206644375,0.9167564388969598,1.052152260364818
32.0,6.0,1.47698403125,9.66420034375,0.9321868691577488,1.0584297989913996
32.0,6.0,1.7189760575,12.7064110125,0.944983027082847,1.0681931144491543
32.0,6.0,1.9889989112499995,16.206830387500002,0.957291643956744,1.0791908386664606
32.0,6.0,2.39998038,21.583635225,0.9742570988169156,1.0854146272733214
32.0,6.0,2.89385890875,28.295053175,0.9918650541349572,1.0979455144848969
32.0,6.0,3.3889881375,35.165931375,1.005461520309224,1.1045967325571804
32.0,6.0,3.92629799375,42.77929735,1.018783628480139,1.1163184211398376
32.0,6.0,4.67084653,53.6224281875,1.0356548237102754,1.1362748581453546
32.0,6.0,5.41615581375,64.73439128749999,1.0498396760199795,1.1542959503000856
33.0,6.0,0.7299912946249999,0.9321391345,0.8479399457610832,1.0231675747945863
33.0,6.0,0.7830557105,1.49351160125,0.859879294250074,1.030838186741255
33.0,6.0,0.786952232125,1.62949702375,0.8658856477675165,1.015513317408728
33.0,6.0,0.7869986784999999,1.53276273875,0.8605999343615476,1.038406974210447
33.0,6.0,0.8310524903750001,2.01825685,0.8678477723438676,1.0439418179312523
33.0,6.0,0.8900114925,2.700663555,0.8781755226208613,1.047851887157356
33.0,6.0,0.890045926875,2.87186218625,0.8863172692937977,1.04372276383618
33.0,6.0,0.909996952,2.903512145,0.8820635392105123,1.0463408162262222
33.0,6.0,0.978003102625,3.8029908825,0.8934452722999005,1.010688922157899
33.0,6.0,0.978045084,3.78009137375,0.8913783299350351,1.0659421992665092
33.0,6.0,0.978073352875,3.801953165,0.8933194044198309,1.0231006993237444
33.0,6.0,1.058963275,4.6289411862500005,0.8963270086564095,1.04980652466789
33.0,6.0,1.129940255,5.72191472625,0.9095603806006496,1.080648342149274
33.0,6.0,1.13004733875,5.7387677875,0.9120072231761556,1.053436163478156
33.0,6.0,1.2019808625,6.352805835,0.9095247678194218,1.060688888215984
33.0,6.0,1.47595794625,9.63925675125,0.9312688939111,1.0570337696774783
33.0,6.0,1.50900759625,10.17990082375,0.9343114196052024,1.0334823620701263
33.0,6.0,1.67596635375,12.169084375,0.9421098829768744,1.0665878618221727
33.0,6.0,2.07500299875,17.266384137499998,0.961403589199714,1.074288014649262
33.0,6.0,2.37504939625,21.210964549999996,0.9723460862652914,1.081095071576175
33.0,6.0,2.80516299875,27.0733935625,0.987082737269327,1.0995574202701297
33.0,6.0,3.35487818125,34.5579350625,1.0033232309336593,1.1087045194714795
33.0,6.0,3.8878175575,42.087237474999995,1.0169497563402288,1.1189659819399878
33.0,6.0,4.73285506875,54.161061825,1.0328302466337709,1.1313826139985708
33.0,6.0,5.624196346250001,67.45075528750002,1.0488255525707708,1.1533352814799511
34.0,6.0,0.72395817975,0.8834991896250001,0.8474173090770041,1.0282360946899491
34.0,6.0,0.7670483481250001,1.34723563,0.8569712206483701,1.0338631251659696
34.0,6.0,0.7760147845,1.4239106775,0.8576192599248869,1.040583036075185
34.0,6.0,0.776024854,1.4953047712499998,0.8624061894308138,1.01925372969537
34.0,6.0,0.821043402125,1.91605488125,0.8662925892018482,1.0400668926192904
34.0,6.0,0.8569858311249999,2.3409597862499996,0.8749661534365394,1.054065114086565
34.0,6.0,0.857006806,2.5277737449999993,0.8831593942187677,1.052031373504526
34.0,6.0,0.906059540875,2.883545345,0.8805763136260871,1.047351345015498
34.0,6.0,0.960961403875,3.74283020625,0.8965502827349094,1.0520113797323989
34.0,6.0,0.961013205875,3.58696397375,0.8911412927671144,1.0702343877019307
34.0,6.0,1.05499416375,4.59490371375,0.8975287965190233,1.0486574681620202
34.0,6.0,1.12192192,5.645721455000001,0.911762340312601,1.0497634145952146
34.0,6.0,1.1220043587500002,5.5897822125,0.903739995436959,1.0760104711760865
34.0,6.0,1.2200744325,6.556634562499999,0.9133498911027416,1.0502995818366614
34.0,6.0,1.31713080625,7.98983891375,0.9184539338816736,1.082710641078426
34.0,6.0,1.42192391,9.0026561275,0.9258696598533096,1.060521795916134
34.0,6.0,1.6940370275,12.37538785,0.94187649780369,1.064219380881441
34.0,6.0,1.75302733,13.3323305,0.9482059640621824,1.0486167192270244
34.0,6.0,1.9390507675,15.4903123625,0.953113140228837,1.0731362962762725
34.0,6.0,2.34218811375,20.726542275,0.96937698113899,1.0784868768684457
34.0,6.0,2.44301155875,22.2996309375,0.975257737090114,1.0621731433425596
34.0,6.0,2.8400181275000005,27.382024525,0.9854395792905152,1.0907263138445311
34.0,6.0,3.34599451125,34.307594862500004,1.0006540247229598,1.1033449004946303
34.0,6.0,4.061839905,44.2936689,1.0159178262873885,1.1153211812523414
34.0,6.0,4.7739705287500005,54.585085125,1.030802606509536,1.1358530493796732
34.0,6.0,5.581800357500001,66.3995712375,1.044600856454191,1.1494014515910518
